date,close,volume,source,log_return,vodacom_era
2020-08-26,29.0,7522381,xlsx,,pre_announcement
2020-08-27,29.45,10409989,xlsx,0.015398080111121662,pre_announcement
2020-08-28,29.85,11730856,xlsx,0.013490929741015508,pre_announcement
2020-08-31,29.9,25963512,xlsx,0.001673640558029472,pre_announcement
2020-09-01,29.9,2291221,xlsx,0.0,pre_announcement
2020-09-02,30.0,25815286,xlsx,0.0033389012655146303,pre_announcement
2020-09-03,30.05,3234099,xlsx,0.0016652793190612488,pre_announcement
2020-09-04,29.6,3278888,xlsx,-0.015088299651201884,pre_announcement
2020-09-07,29.05,12957573,xlsx,-0.018755878032094515,pre_announcement
2020-09-08,29.0,1652300,xlsx,-0.0017226533114461818,pre_announcement
2020-09-09,29.05,1831254,xlsx,0.001722653311446156,pre_announcement
2020-09-10,29.95,28936876,xlsx,0.030510841263538094,pre_announcement
2020-09-11,30.05,6191351,xlsx,0.003333336419758217,pre_announcement
2020-09-14,29.95,378404,xlsx,-0.0033333364197582274,pre_announcement
2020-09-15,30.15,5077549,xlsx,0.006655598611736067,pre_announcement
2020-09-16,30.1,13625276,xlsx,-0.0016597514183642856,pre_announcement
2020-09-17,30.0,115837752,xlsx,-0.003327790092674691,pre_announcement
2020-09-18,30.0,5894205,xlsx,0.0,pre_announcement
2020-09-21,29.9,1425170,xlsx,-0.0033389012655147096,pre_announcement
2020-09-22,30.05,9995045,xlsx,0.00500418058457595,pre_announcement
2020-09-23,30.0,13820470,xlsx,-0.0016652793190612089,pre_announcement
2020-09-24,30.0,10558192,xlsx,0.0,pre_announcement
2020-09-25,30.05,12094098,xlsx,0.0016652793190612488,pre_announcement
2020-09-28,29.8,5393378,xlsx,-0.008354267469857813,pre_announcement
2020-09-29,29.8,1216001,xlsx,0.0,pre_announcement
2020-09-30,29.7,16260959,xlsx,-0.003361347702704883,pre_announcement
2020-10-01,29.8,1949785,xlsx,0.0033613477027049274,pre_announcement
2020-10-02,30.0,4287743,xlsx,0.006688988150796489,pre_announcement
2020-10-05,30.0,1100595,xlsx,0.0,pre_announcement
2020-10-06,29.95,5086399,xlsx,-0.0016680571006970587,pre_announcement
2020-10-07,30.5,3276936,xlsx,0.018197359051907513,pre_announcement
2020-10-08,30.05,6302740,xlsx,-0.01486402263214928,pre_announcement
2020-10-09,30.1,5908700,xlsx,0.0016625107736134572,pre_announcement
2020-10-12,30.05,3140098,xlsx,-0.0016625107736135253,pre_announcement
2020-10-13,30.15,3837824,xlsx,0.00332226219197786,pre_announcement
2020-10-14,30.1,12379458,xlsx,-0.0016597514183642856,pre_announcement
2020-10-15,30.05,102882,xlsx,-0.0016625107736135253,pre_announcement
2020-10-16,30.1,2402400,xlsx,0.0016625107736134572,pre_announcement
2020-10-19,30.1,2050129,xlsx,0.0,pre_announcement
2020-10-21,30.25,6682483,xlsx,0.004971012722020402,pre_announcement
2020-10-22,30.65,1423987,xlsx,0.013136477905369981,pre_announcement
2020-10-23,30.95,13402056,xlsx,0.009740336748384804,pre_announcement
2020-10-26,30.5,666996,xlsx,-0.014646315517239189,pre_announcement
2020-10-27,30.6,5362903,xlsx,0.0032733253449691085,pre_announcement
2020-10-28,30.6,5808632,xlsx,0.0,pre_announcement
2020-10-29,30.5,4669502,xlsx,-0.003273325344969249,pre_announcement
2020-10-30,30.85,6717583,xlsx,0.01141006673803096,pre_announcement
2020-11-02,31.25,7895303,xlsx,0.01288262583101361,pre_announcement
2020-11-03,31.25,15696388,xlsx,0.0,pre_announcement
2020-11-04,31.15,9495420,xlsx,-0.0032051309489484468,pre_announcement
2020-11-05,31.25,5517984,xlsx,0.003205130948948331,pre_announcement
2020-11-06,31.3,3201139,xlsx,0.0015987213636970735,pre_announcement
2020-11-09,30.75,2275456,xlsx,-0.01772810329358072,pre_announcement
2020-11-10,30.95,6330876,xlsx,0.006483004878078312,pre_announcement
2020-11-11,31.8,8444793,xlsx,0.027093290655526018,pre_announcement
2020-11-12,31.7,10735581,xlsx,-0.00314960890289622,pre_announcement
2020-11-13,31.8,3265957,xlsx,0.0031496089028962013,pre_announcement
2020-11-16,32.1,2511582,xlsx,0.009389740349839137,pre_announcement
2020-11-17,32.05,4834764,xlsx,-0.0015588467692913013,pre_announcement
2020-11-18,31.95,3010740,xlsx,-0.003125002543135166,pre_announcement
2020-11-19,31.45,1060660,xlsx,-0.015773197677094283,pre_announcement
2020-11-20,32.0,19617734,xlsx,0.017336919653276942,pre_announcement
2020-11-23,32.0,2237176,xlsx,0.0,pre_announcement
2020-11-24,31.7,3455345,xlsx,-0.00941922191649164,pre_announcement
2020-11-25,32.0,5307749,xlsx,0.009419221916491558,pre_announcement
2020-11-26,32.0,2955068,xlsx,0.0,pre_announcement
2020-11-27,31.9,3907260,xlsx,-0.0031298930089277044,pre_announcement
2020-11-30,32.7,23704092,xlsx,0.02476906811240895,pre_announcement
2020-12-01,32.3,10666809,xlsx,-0.01230784767459704,pre_announcement
2020-12-02,32.95,13888915,xlsx,0.019924030719905596,pre_announcement
2020-12-03,33.0,22937152,xlsx,0.001516300517964008,pre_announcement
2020-12-04,33.5,24609764,xlsx,0.015037877364540502,pre_announcement
2020-12-07,33.0,1244107,xlsx,-0.015037877364540559,pre_announcement
2020-12-08,33.0,4133806,xlsx,0.0,pre_announcement
2020-12-09,32.95,9002494,xlsx,-0.0015163005179639638,pre_announcement
2020-12-10,32.65,23693040,xlsx,-0.00914640522607626,pre_announcement
2020-12-11,32.95,4205740,xlsx,0.009146405226076203,pre_announcement
2020-12-14,33.15,2534632,xlsx,0.006051455683355061,pre_announcement
2020-12-15,33.05,6861272,xlsx,-0.0030211503341762112,pre_announcement
2020-12-16,32.8,6442635,xlsx,-0.007593050907597207,pre_announcement
2020-12-17,32.9,5216533,xlsx,0.003044142381228273,pre_announcement
2020-12-18,33.55,4546919,xlsx,0.01956420564636447,pre_announcement
2020-12-21,33.3,1363943,xlsx,-0.007479466431292624,pre_announcement
2020-12-22,33.85,4497588,xlsx,0.016381602371885982,pre_announcement
2020-12-23,34.0,3049946,xlsx,0.004421525257877256,pre_announcement
2020-12-24,34.0,3088585,xlsx,0.0,pre_announcement
2020-12-28,34.1,1832141,xlsx,0.0029368596733097057,pre_announcement
2020-12-29,34.05,898442,xlsx,-0.0014673516939498429,pre_announcement
2020-12-30,34.0,4020172,xlsx,-0.0014695079793598834,pre_announcement
2020-12-31,34.25,1342770,xlsx,0.007326040092072881,pre_announcement
2021-01-04,34.25,3591042,xlsx,0.0,pre_announcement
2021-01-05,34.4,7743769,xlsx,0.004369999671118388,pre_announcement
2021-01-06,35.0,7923176,xlsx,0.017291497110061043,pre_announcement
2021-01-07,34.95,2094883,xlsx,-0.0014295928095943225,pre_announcement
2021-01-08,35.0,4857848,xlsx,0.0014295928095943715,pre_announcement
2021-01-11,34.95,3905392,xlsx,-0.0014295928095943225,pre_announcement
2021-01-12,34.9,7783692,xlsx,-0.0014316394714379613,pre_announcement
2021-01-13,35.1,2770245,xlsx,0.005714301263438635,pre_announcement
2021-01-14,36.5,8378503,xlsx,0.039111130116625696,pre_announcement
2021-01-15,36.55,13225475,xlsx,0.0013689256073415187,pre_announcement
2021-01-18,36.35,8335024,xlsx,-0.00548698221625897,pre_announcement
2021-01-19,36.4,3442089,xlsx,0.0013745706631665632,pre_announcement
2021-01-20,35.85,4645560,xlsx,-0.015225207597065556,pre_announcement
2021-01-21,35.3,3976578,xlsx,-0.015460603106378378,pre_announcement
2021-01-22,35.55,3037162,xlsx,0.007057192309998759,pre_announcement
2021-01-25,36.45,10100302,xlsx,0.0250013022054174,pre_announcement
2021-01-26,36.55,2089919,xlsx,0.0027397277411202693,pre_announcement
2021-01-27,36.4,14317316,xlsx,-0.004112411553092548,pre_announcement
2021-01-28,36.2,4470007,xlsx,-0.005509655810969473,pre_announcement
2021-01-29,35.85,3596684,xlsx,-0.00971555178609601,pre_announcement
2021-02-01,35.15,10614086,xlsx,-0.019718948788955505,pre_announcement
2021-02-02,35.55,10443709,xlsx,0.01131553799257602,pre_announcement
2021-02-03,36.45,3181426,xlsx,0.0250013022054174,pre_announcement
2021-02-04,36.85,18669010,xlsx,0.010914160180678333,pre_announcement
2021-02-05,36.2,226515,xlsx,-0.017796499803620157,pre_announcement
2021-02-08,35.95,2542365,xlsx,-0.006930034664669632,pre_announcement
2021-02-09,36.6,8129966,xlsx,0.017919156240264755,pre_announcement
2021-02-10,36.4,2833159,xlsx,-0.005479465764625708,pre_announcement
2021-02-11,37.8,3948874,xlsx,0.0377403279828469,pre_announcement
2021-02-12,38.35,2847149,xlsx,0.014445425187723283,pre_announcement
2021-02-15,39.05,6090764,xlsx,0.018088348472429596,pre_announcement
2021-02-16,38.5,5197897,xlsx,-0.014184634991956413,pre_announcement
2021-02-17,38.75,7737850,xlsx,0.00647251450561752,pre_announcement
2021-02-18,38.45,2235189,xlsx,-0.007772059847702973,pre_announcement
2021-02-19,38.75,7395813,xlsx,0.007772059847702889,pre_announcement
2021-02-22,38.9,12603427,xlsx,0.0038634948250446392,pre_announcement
2021-02-23,39.0,21386080,xlsx,0.0025673955052459545,pre_announcement
2021-02-24,39.0,9979835,xlsx,0.0,pre_announcement
2021-02-25,39.0,5449254,xlsx,0.0,pre_announcement
2021-02-26,38.75,4880599,xlsx,-0.0064308903302904025,pre_announcement
2021-03-01,38.7,5745154,xlsx,-0.001291155763619816,pre_announcement
2021-03-02,38.6,10457605,xlsx,-0.0025873235649510238,pre_announcement
2021-03-03,38.0,1499314,xlsx,-0.015666116744399463,pre_announcement
2021-03-04,37.85,11565888,xlsx,-0.003955179842927943,pre_announcement
2021-03-05,37.3,2917365,xlsx,-0.014637653233687991,pre_announcement
2021-03-08,35.9,8742249,xlsx,-0.03825603115553658,pre_announcement
2021-03-09,36.15,7272320,xlsx,0.0069396531105404,pre_announcement
2021-03-10,37.55,15451199,xlsx,0.037996429605369926,pre_announcement
2021-03-11,37.55,9576430,xlsx,0.0,pre_announcement
2021-03-12,37.1,3094489,xlsx,-0.012056408596754237,pre_announcement
2021-03-15,37.35,7024945,xlsx,0.006715941965436809,pre_announcement
2021-03-16,37.4,8374536,xlsx,0.0013377928416599535,pre_announcement
2021-03-17,37.55,232952,xlsx,0.004002673789657406,pre_announcement
2021-03-18,38.1,1857950,xlsx,0.014540903922511655,pre_announcement
2021-03-19,38.6,3192671,xlsx,0.0130379943381298,pre_announcement
2021-03-22,38.9,7901754,xlsx,0.007741974153615459,pre_announcement
2021-03-23,39.45,8991901,xlsx,0.014039796667482833,pre_announcement
2021-03-24,39.45,8307924,xlsx,0.0,pre_announcement
2021-03-25,39.5,2263141,xlsx,0.0012666246151927618,pre_announcement
2021-03-26,38.75,3904559,xlsx,-0.01916991610772017,pre_announcement
2021-03-29,37.6,8528111,xlsx,-0.03012670540350716,pre_announcement
2021-03-30,37.35,16955060,xlsx,-0.006671138817022535,pre_announcement
2021-03-31,36.25,14719037,xlsx,-0.029893530278142563,pre_announcement
2021-04-01,37.05,7286822,xlsx,0.02182897044141198,pre_announcement
2021-04-06,36.75,2456470,xlsx,-0.008130126083250176,pre_announcement
2021-04-07,36.8,17077720,xlsx,0.0013596195160394302,pre_announcement
2021-04-08,36.15,10535936,xlsx,-0.017820896570111548,pre_announcement
2021-04-09,36.3,8005030,xlsx,0.004140792666031387,pre_announcement
2021-04-12,36.55,3348224,xlsx,0.006863444924982429,pre_announcement
2021-04-13,36.65,8410183,xlsx,0.0027322421368730716,pre_announcement
2021-04-14,37.1,7655374,xlsx,0.012203541280729063,pre_announcement
2021-04-15,38.15,7139896,xlsx,0.027908788117076443,pre_announcement
2021-04-16,38.4,5569395,xlsx,0.006531701863215059,pre_announcement
2021-04-19,38.0,2238365,xlsx,-0.010471299867295366,pre_announcement
2021-04-20,38.4,5128502,xlsx,0.010471299867295437,pre_announcement
2021-04-21,39.0,9418697,xlsx,0.015504186535965254,pre_announcement
2021-04-22,39.1,2293780,xlsx,0.0025608208616736505,pre_announcement
2021-04-23,38.8,2854850,xlsx,-0.007702220362092463,pre_announcement
2021-04-26,39.0,6809142,xlsx,0.005141399500418652,pre_announcement
2021-04-27,39.35,10080938,xlsx,0.008934328733765774,pre_announcement
2021-04-28,39.9,11071469,xlsx,0.01388034903240552,pre_announcement
2021-04-29,40.35,10140718,xlsx,0.011215070820140003,pre_announcement
2021-04-30,40.35,10465621,xlsx,0.0,pre_announcement
2021-05-03,40.5,3331600,xlsx,0.0037105793965355534,pre_announcement
2021-05-04,40.75,9132645,xlsx,0.006153865574378286,pre_announcement
2021-05-05,40.5,4582822,xlsx,-0.0061538655743782235,pre_announcement
2021-05-06,40.65,10568600,xlsx,0.0036968618813262026,pre_announcement
2021-05-07,40.8,15341400,xlsx,0.003683245416296368,pre_announcement
2021-05-10,40.85,3927500,xlsx,0.0012247398958958697,pre_announcement
2021-05-11,40.6,12185800,xlsx,-0.006138754698324902,pre_announcement
2021-05-12,40.1,5834000,xlsx,-0.012391732295163497,pre_announcement
2021-05-13,39.4,2321100,xlsx,-0.017610518008635393,pre_announcement
2021-05-17,39.0,24876500,xlsx,-0.010204170174241623,pre_announcement
2021-05-18,38.35,7811900,xlsx,-0.016807118316381174,pre_announcement
2021-05-19,38.05,20924500,xlsx,-0.00785344350557051,pre_announcement
2021-05-20,38.9,3253700,xlsx,0.02209316631670589,pre_announcement
2021-05-21,39.5,10058400,xlsx,0.015306421282675507,pre_announcement
2021-05-24,41.75,8560800,xlsx,0.05539877938978838,pre_announcement
2021-05-25,42.75,19488900,xlsx,0.023669744085904703,pre_announcement
2021-05-26,41.8,6141500,xlsx,-0.02247285585205863,pre_announcement
2021-05-27,40.35,13876200,xlsx,-0.035304944814752694,pre_announcement
2021-05-28,41.85,14150900,xlsx,0.036500402219526426,pre_announcement
2021-05-31,40.85,1955700,xlsx,-0.024184975629472402,pre_announcement
2021-06-02,41.1,5847500,xlsx,0.006101300196177113,pre_announcement
2021-06-03,41.0,4545100,xlsx,-0.0024360547978811158,pre_announcement
2021-06-04,40.5,1004200,xlsx,-0.01227009259181436,pre_announcement
2021-06-07,40.55,3101100,xlsx,0.001233806448928344,pre_announcement
2021-06-08,40.95,1140500,xlsx,0.009816029737656634,pre_announcement
2021-06-09,41.0,12544200,xlsx,0.001220256405229369,pre_announcement
2021-06-10,41.25,6835900,xlsx,0.0060790460763821925,pre_announcement
2021-06-11,41.25,20279400,xlsx,0.0,pre_announcement
2021-06-14,41.45,805800,xlsx,0.004836768800614021,pre_announcement
2021-06-15,41.6,4987800,xlsx,0.0036122856859135658,pre_announcement
2021-06-16,41.95,9027100,xlsx,0.00837826564599772,pre_announcement
2021-06-17,41.6,1814900,xlsx,-0.008378265645997578,pre_announcement
2021-06-18,41.25,12133300,xlsx,-0.008449054486527633,pre_announcement
2021-06-21,41.3,2453100,xlsx,0.0012113871862970882,pre_announcement
2021-06-22,41.3,18738600,xlsx,0.0,pre_announcement
2021-06-23,41.15,5347200,xlsx,-0.00363857284390818,pre_announcement
2021-06-24,40.95,9055800,xlsx,-0.004872116824000317,pre_announcement
2021-06-25,40.75,7035700,xlsx,-0.004895970612206809,pre_announcement
2021-06-28,40.7,5135400,xlsx,-0.0012277472383222926,pre_announcement
2021-06-29,40.85,5822600,xlsx,0.0036787288574625884,pre_announcement
2021-06-30,41.45,1567300,xlsx,0.014581060275292152,pre_announcement
2021-07-01,42.0,6616500,xlsx,0.013181736702064281,pre_announcement
2021-07-02,41.35,10369000,xlsx,-0.015597196813667929,pre_announcement
2021-07-05,41.4,3303100,xlsx,0.001208459361568327,pre_announcement
2021-07-06,41.3,8916600,xlsx,-0.002418380864281638,pre_announcement
2021-07-07,41.4,6559400,xlsx,0.0024183808642816527,pre_announcement
2021-07-08,41.4,2191900,xlsx,0.0,pre_announcement
2021-07-09,41.25,4145900,xlsx,-0.0036297680505787237,pre_announcement
2021-07-12,41.15,1212400,xlsx,-0.0024271856576111883,pre_announcement
2021-07-13,41.2,6093200,xlsx,0.0012143292324019804,pre_announcement
2021-07-14,41.75,1736900,xlsx,0.013261194941383612,pre_announcement
2021-07-15,42.6,3754200,xlsx,0.02015480197846034,pre_announcement
2021-07-16,42.6,7553700,xlsx,0.0,pre_announcement
2021-07-19,42.6,5471700,xlsx,0.0,pre_announcement
2021-07-21,42.8,8159300,xlsx,0.004683849312426216,pre_announcement
2021-07-22,42.8,4880100,xlsx,0.0,pre_announcement
2021-07-23,42.8,6664300,xlsx,0.0,pre_announcement
2021-07-26,42.8,754600,xlsx,0.0,pre_announcement
2021-07-27,41.8,3433400,xlsx,-0.023641763057040424,pre_announcement
2021-07-28,41.75,3179300,xlsx,-0.001196888233846064,pre_announcement
2021-07-29,41.9,3728700,xlsx,0.003586375631227432,pre_announcement
2021-07-30,41.95,9102400,xlsx,0.0011926059851233278,pre_announcement
2021-08-02,41.4,3375700,xlsx,-0.013197552081946586,pre_announcement
2021-08-03,41.05,3433600,xlsx,-0.008490044932831509,pre_announcement
2021-08-04,41.1,752200,xlsx,0.0012172856037517249,pre_announcement
2021-08-05,41.25,7336300,xlsx,0.0036429912785010087,pre_announcement
2021-08-06,42.1,3268000,xlsx,0.020396627907645872,pre_announcement
2021-08-09,42.95,15584900,xlsx,0.019988907741928602,pre_announcement
2021-08-10,42.95,3824400,xlsx,0.0,pre_announcement
2021-08-11,42.95,7164800,xlsx,0.0,pre_announcement
2021-08-12,43.0,1311600,xlsx,0.0011634672632980494,pre_announcement
2021-08-13,43.0,509200,xlsx,0.0,pre_announcement
2021-08-16,43.6,5818000,xlsx,0.01385703466142628,pre_announcement
2021-08-17,44.9,11965700,xlsx,0.02938064439321996,pre_announcement
2021-08-18,44.2,4263100,xlsx,-0.01571300566455611,pre_announcement
2021-08-19,43.85,25494800,xlsx,-0.007950070265460478,pre_announcement
2021-08-20,44.45,5049400,xlsx,0.013590243141721662,pre_announcement
2021-08-23,44.95,7715500,xlsx,0.011185798957715801,pre_announcement
2021-08-24,44.95,2803400,xlsx,0.0,pre_announcement
2021-08-25,44.6,6118200,xlsx,-0.007816901891610904,pre_announcement
2021-08-26,44.45,8272700,xlsx,-0.0033688970661047532,pre_announcement
2021-08-27,44.35,1947700,xlsx,-0.0022522532043251315,pre_announcement
2021-08-30,43.7,614400,xlsx,-0.014764606654044027,pre_announcement
2021-08-31,42.6,6505200,xlsx,-0.02549384882621976,pre_announcement
2021-09-01,42.6,6425500,xlsx,0.0,pre_announcement
2021-09-02,42.45,1743000,xlsx,-0.0035273405179684107,pre_announcement
2021-09-03,42.15,2360600,xlsx,-0.00709222830949191,pre_announcement
2021-09-06,42.15,2349500,xlsx,0.0,pre_announcement
2021-09-07,41.6,5436400,xlsx,-0.013134517180646822,pre_announcement
2021-09-08,42.0,5013700,xlsx,0.009569451016150672,pre_announcement
2021-09-09,42.5,7335800,xlsx,0.011834457647002798,pre_announcement
2021-09-10,42.5,4192100,xlsx,0.0,pre_announcement
2021-09-13,42.4,9208200,xlsx,-0.002355713692459148,pre_announcement
2021-09-14,42.45,5672500,xlsx,0.001178550519444424,pre_announcement
2021-09-15,42.45,6201000,xlsx,0.0,pre_announcement
2021-09-16,42.65,9420400,xlsx,0.004700361180331614,pre_announcement
2021-09-17,43.2,3732700,xlsx,0.01281322131237664,pre_announcement
2021-09-20,42.9,1645900,xlsx,-0.006968669316093428,pre_announcement
2021-09-21,41.8,11426100,xlsx,-0.025975486403260677,pre_announcement
2021-09-22,41.85,7928200,xlsx,0.0011954574047737313,pre_announcement
2021-09-23,41.95,7496400,xlsx,0.0023866359777309533,pre_announcement
2021-09-24,41.8,1225100,xlsx,-0.003582093382504663,pre_announcement
2021-09-27,41.85,7587400,xlsx,0.0011954574047737313,pre_announcement
2021-09-28,41.55,2098200,xlsx,-0.007194275634027197,pre_announcement
2021-09-29,41.65,3495900,xlsx,0.0024038473113944595,pre_announcement
2021-09-30,42.1,6713400,xlsx,0.01074637207548406,pre_announcement
2021-10-01,43.2,2299500,xlsx,0.02579275456172898,pre_announcement
2021-10-04,43.6,5958000,xlsx,0.009216655104924048,pre_announcement
2021-10-05,42.95,6028700,xlsx,-0.01502050192472425,pre_announcement
2021-10-06,42.95,13218200,xlsx,0.0,pre_announcement
2021-10-07,42.35,2423000,xlsx,-0.014068227332201024,pre_announcement
2021-10-08,41.65,22194200,xlsx,-0.01666705248521176,pre_announcement
2021-10-12,41.85,10915100,xlsx,0.004790428322632739,pre_announcement
2021-10-13,42.0,482500,xlsx,0.0035778213478839024,pre_announcement
2021-10-14,42.45,2458200,xlsx,0.010657294473987979,pre_announcement
2021-10-15,43.1,11272800,xlsx,0.01519608435234567,pre_announcement
2021-10-18,42.9,5229800,xlsx,-0.004651171175730844,pre_announcement
2021-10-19,42.15,6477500,xlsx,-0.017637141486106844,pre_announcement
2021-10-21,42.5,9642700,xlsx,0.008269391482506766,pre_announcement
2021-10-22,42.95,2725100,xlsx,0.01053257249989337,pre_announcement
2021-10-25,42.35,9908300,xlsx,-0.014068227332201024,pre_announcement
2021-10-26,42.05,1093400,xlsx,-0.007109034679106443,pre_announcement
2021-10-27,42.0,3569600,xlsx,-0.0011897681355886845,pre_announcement
2021-10-28,42.85,3650300,xlsx,0.02003602676042042,pre_announcement
2021-10-29,42.8,4171800,xlsx,-0.0011675424560378123,pre_announcement
2021-11-01,41.95,2655400,xlsx,-0.02005966967453577,pre_announcement
2021-11-02,41.65,3619800,xlsx,-0.007177064300363593,pre_announcement
2021-11-03,41.6,8129600,xlsx,-0.0012012013456340143,pre_announcement
2021-11-04,41.05,4234800,xlsx,-0.013309331368780493,pre_announcement
2021-11-05,40.2,4074300,xlsx,-0.020923840273461697,pre_announcement
2021-11-08,40.05,2162200,xlsx,-0.0037383221106073268,pre_announcement
2021-11-09,40.1,25684200,xlsx,0.0012476607981552772,pre_announcement
2021-11-10,40.5,10367500,xlsx,0.009925639799969998,pre_announcement
2021-11-11,40.5,15630100,xlsx,0.0,pre_announcement
2021-11-12,40.2,6007400,xlsx,-0.007434978487517978,pre_announcement
2021-11-15,40.05,7309400,xlsx,-0.0037383221106073268,pre_announcement
2021-11-16,40.05,744000,xlsx,0.0,pre_announcement
2021-11-17,39.85,6123300,xlsx,-0.005006268278144083,pre_announcement
2021-11-18,39.7,2667100,xlsx,-0.0037712175430792915,pre_announcement
2021-11-19,39.25,16376700,xlsx,-0.011399743464727313,pre_announcement
2021-11-22,37.95,3760000,xlsx,-0.03368194038677838,pre_announcement
2021-11-23,37.55,6190100,xlsx,-0.010596125631495382,pre_announcement
2021-11-24,36.95,15040900,xlsx,-0.016107730815932853,pre_announcement
2021-11-25,37.0,24867700,xlsx,0.0013522652500135325,pre_announcement
2021-11-26,38.0,62798300,xlsx,0.026668247082161273,pre_announcement
2021-11-29,38.05,8976600,xlsx,0.001314924581309022,pre_announcement
2021-11-30,37.95,15651000,xlsx,-0.0026315804660557093,pre_announcement
2021-12-01,37.9,11304200,xlsx,-0.0013183917532583356,pre_announcement
2021-12-02,37.9,9865300,xlsx,0.0,pre_announcement
2021-12-03,37.05,6319400,xlsx,-0.02268276034628481,pre_announcement
2021-12-06,36.95,5032000,xlsx,-0.002702704347884916,pre_announcement
2021-12-07,36.5,12844300,xlsx,-0.012253386805765001,pre_announcement
2021-12-08,36.6,10120600,xlsx,0.0027359798188748455,pre_announcement
2021-12-09,36.95,12216600,xlsx,0.009517406986890171,pre_announcement
2021-12-10,37.8,7431200,xlsx,0.022743455231330995,pre_announcement
2021-12-14,37.75,9801200,xlsx,-0.001323626930508253,pre_announcement
2021-12-15,37.7,9682800,xlsx,-0.0013253812410685707,pre_announcement
2021-12-16,37.75,6317356,xlsx,0.0013253812410684883,pre_announcement
2021-12-17,37.95,2245600,xlsx,0.005284028146605206,pre_announcement
2021-12-20,38.0,9517100,xlsx,0.0013166558847466812,pre_announcement
2021-12-21,38.05,4404400,xlsx,0.001314924581309022,pre_announcement
2021-12-22,38.65,5159400,xlsx,0.015645690725736253,pre_announcement
2021-12-23,39.95,7033100,xlsx,0.03308189717885271,pre_announcement
2021-12-24,40.0,4242200,xlsx,0.0012507819016524548,pre_announcement
2021-12-28,39.35,1047800,xlsx,-0.016383479250524056,pre_announcement
2021-12-29,38.75,330800,xlsx,-0.015365219064056253,pre_announcement
2021-12-30,37.65,1352500,xlsx,-0.02879780155345347,pre_announcement
2021-12-31,37.95,6797900,xlsx,0.007936549595736562,pre_announcement
2022-01-03,38.15,9414200,xlsx,0.005256253888826902,pre_announcement
2022-01-04,39.05,4115300,xlsx,0.023317118555228944,pre_announcement
2022-01-05,39.55,6747300,xlsx,0.01272281792796797,pre_announcement
2022-01-06,40.0,5136500,xlsx,0.011313759900273534,pre_announcement
2022-01-07,39.9,4576700,xlsx,-0.0025031302181185884,pre_announcement
2022-01-10,38.5,4630700,xlsx,-0.03571808260207923,pre_announcement
2022-01-11,38.45,7366200,xlsx,-0.0012995453420855034,pre_announcement
2022-01-12,38.0,5913400,xlsx,-0.011772536225267236,pre_announcement
2022-01-13,37.95,2428200,xlsx,-0.001316655884746785,pre_announcement
2022-01-14,37.85,2009000,xlsx,-0.002638523958181172,pre_announcement
2022-01-17,37.65,4225900,xlsx,-0.005298025637555273,pre_announcement
2022-01-18,37.55,1004400,xlsx,-0.002659576035758831,pre_announcement
2022-01-19,37.0,10997900,xlsx,-0.01475546556591921,pre_announcement
2022-01-20,37.55,3168800,xlsx,0.014755465565919267,pre_announcement
2022-01-21,37.45,4757900,xlsx,-0.002666668246915117,pre_announcement
2022-01-24,37.3,3478500,xlsx,-0.004013383313458787,pre_announcement
2022-01-25,36.55,7909100,xlsx,-0.02031214045398236,pre_announcement
2022-01-26,35.95,7084400,xlsx,-0.016552102028731645,pre_announcement
2022-01-27,35.9,2088100,xlsx,-0.0013917886728226083,pre_announcement
2022-01-28,36.2,11041100,xlsx,0.008321823337492278,pre_announcement
2022-01-31,36.9,2867800,xlsx,0.01915243221475592,pre_announcement
2022-02-01,37.5,1874300,xlsx,0.016129381929883717,pre_announcement
2022-02-02,37.6,5128600,xlsx,0.0026631174194836284,pre_announcement
2022-02-03,37.8,20020300,xlsx,0.005305052229693098,pre_announcement
2022-02-04,38.0,1182300,xlsx,0.005277057100843819,pre_announcement
2022-02-07,38.05,2911600,xlsx,0.001314924581309022,pre_announcement
2022-02-08,38.9,15629900,xlsx,0.02209316631670589,pre_announcement
2022-02-09,38.3,5454100,xlsx,-0.015544354437800344,pre_announcement
2022-02-10,38.7,14587600,xlsx,0.010389703849135868,pre_announcement
2022-02-11,38.5,413900,xlsx,-0.005181358741997629,pre_announcement
2022-02-14,38.1,2071100,xlsx,-0.010443959161083262,pre_announcement
2022-02-15,37.35,11463100,xlsx,-0.019881370553828933,pre_announcement
2022-02-16,37.65,6751700,xlsx,0.00800004266707615,pre_announcement
2022-02-17,37.95,6805600,xlsx,0.007936549595736562,pre_announcement
2022-02-18,37.95,2057900,xlsx,0.0,pre_announcement
2022-02-21,37.95,1566100,xlsx,0.0,pre_announcement
2022-02-22,37.85,6843800,xlsx,-0.002638523958181172,pre_announcement
2022-02-23,36.6,2530300,xlsx,-0.03358273947613726,pre_announcement
2022-02-24,34.55,18336200,xlsx,-0.057640690193641785,pre_announcement
2022-02-25,35.65,10821100,xlsx,0.03134159664662613,pre_announcement
2022-02-28,35.95,11298700,xlsx,0.008379937306750917,pre_announcement
2022-03-01,36.15,1549700,xlsx,0.005547864437717963,pre_announcement
2022-03-02,37.0,10535600,xlsx,0.023240964039450886,pre_announcement
2022-03-03,37.5,5712100,xlsx,0.01342302033214077,pre_announcement
2022-03-04,37.5,7450400,xlsx,0.0,pre_announcement
2022-03-07,36.7,1753300,xlsx,-0.02156417791584041,pre_announcement
2022-03-08,36.05,10434800,xlsx,-0.017869891329566717,pre_announcement
2022-03-09,35.1,5545700,xlsx,-0.02670573325913783,pre_announcement
2022-03-10,35.05,9826100,xlsx,-0.0014255169912211724,pre_announcement
2022-03-11,35.5,1807600,xlsx,0.01275708300077116,pre_announcement
2022-03-14,35.5,2714200,xlsx,0.0,pre_announcement
2022-03-15,35.65,3006700,xlsx,0.004216450378934825,pre_announcement
2022-03-16,35.4,5152100,xlsx,-0.007037326720576204,pre_announcement
2022-03-17,34.95,7984300,xlsx,-0.012793351459909357,pre_announcement
2022-03-18,34.5,2834500,xlsx,-0.012959144642505228,pre_announcement
2022-03-21,35.5,2363700,xlsx,0.028573372444055948,pre_announcement
2022-03-22,36.15,4567700,xlsx,0.018144252123403558,pre_announcement
2022-03-23,35.95,5695100,xlsx,-0.005547864437717867,pre_announcement
2022-03-24,35.5,2465300,xlsx,-0.012596387685685615,pre_announcement
2022-03-25,35.95,1192700,xlsx,0.012596387685685566,pre_announcement
2022-03-28,35.4,4134200,xlsx,-0.015417264027327054,pre_announcement
2022-03-29,35.4,1759300,xlsx,0.0,pre_announcement
2022-03-30,35.05,4293000,xlsx,-0.009936206659129719,pre_announcement
2022-03-31,34.15,6621600,xlsx,-0.026013027463799986,pre_announcement
2022-04-01,34.5,12740700,xlsx,0.010196738020515085,pre_announcement
2022-04-04,35.35,3006000,xlsx,0.024339068305267622,pre_announcement
2022-04-05,35.45,2668200,xlsx,0.0028248606355548407,pre_announcement
2022-04-06,35.1,2546600,xlsx,-0.009922122506316364,pre_announcement
2022-04-07,35.05,4939800,xlsx,-0.0014255169912211724,pre_announcement
2022-04-08,35.0,1899000,xlsx,-0.001427551991185335,pre_announcement
2022-04-11,34.1,654600,xlsx,-0.02605067719994255,pre_announcement
2022-04-12,34.7,16427400,xlsx,0.017442302663342388,pre_announcement
2022-04-13,35.45,9471400,xlsx,0.021383566025323042,pre_announcement
2022-04-14,35.3,942000,xlsx,-0.004240289038885639,pre_announcement
2022-04-19,35.0,16557300,xlsx,-0.008534902449837331,pre_announcement
2022-04-20,35.05,2113100,xlsx,0.0014275519911853237,pre_announcement
2022-04-21,34.75,15472200,xlsx,-0.008596041469797908,pre_announcement
2022-04-22,34.2,2441600,xlsx,-0.015953927942241593,pre_announcement
2022-04-25,34.0,2071900,xlsx,-0.005865119452398134,pre_announcement
2022-04-26,33.85,3325700,xlsx,-0.004421525257877374,pre_announcement
2022-04-27,33.8,2155100,xlsx,-0.0014781968693110058,pre_announcement
2022-04-28,33.7,3389800,xlsx,-0.0029629651306568496,pre_announcement
2022-05-04,33.5,10003100,xlsx,-0.005952398527295385,pre_announcement
2022-05-05,32.95,382700,xlsx,-0.016554177882504413,pre_announcement
2022-05-06,32.0,19178800,xlsx,-0.02925535814878976,pre_announcement
2022-05-09,32.2,22141100,xlsx,0.006230549750636163,pre_announcement
2022-05-10,32.25,11056900,xlsx,0.00155159069141885,pre_announcement
2022-05-11,32.4,9180000,xlsx,0.00464037955650208,pre_announcement
2022-05-12,31.85,4952400,xlsx,-0.017121040780111313,pre_announcement
2022-05-13,30.2,2640500,xlsx,-0.05319545763734852,pre_announcement
2022-05-16,30.3,12643600,xlsx,0.0033057881344996315,pre_announcement
2022-05-17,30.45,5200100,xlsx,0.004938281640582577,pre_announcement
2022-05-18,29.45,6899300,xlsx,-0.033392084058310276,pre_announcement
2022-05-19,28.05,3844600,xlsx,-0.048705278128890396,pre_announcement
2022-05-20,27.8,2596200,xlsx,-0.008952611272113938,pre_announcement
2022-05-23,26.65,5713100,xlsx,-0.04224687008473792,pre_announcement
2022-05-24,26.35,20684200,xlsx,-0.011320875624482085,pre_announcement
2022-05-25,26.55,7833200,xlsx,0.007561472700576488,pre_announcement
2022-05-26,26.85,15557000,xlsx,0.01123607326692597,pre_announcement
2022-05-27,26.45,5134300,xlsx,-0.015009662650565402,pre_announcement
2022-05-30,26.25,2565300,xlsx,-0.0075901692666755964,pre_announcement
2022-05-31,26.0,20079900,xlsx,-0.009569451016150672,pre_announcement
2022-06-02,26.0,7618600,xlsx,0.0,pre_announcement
2022-06-03,26.2,7264000,xlsx,0.007662872745569097,pre_announcement
2022-06-06,26.35,5323200,xlsx,0.005708864220320201,pre_announcement
2022-06-07,26.4,10187100,xlsx,0.0018957351648989757,pre_announcement
2022-06-08,26.45,10383400,xlsx,0.0018921481520379623,pre_announcement
2022-06-09,26.6,11001700,xlsx,0.0056550574833450565,pre_announcement
2022-06-10,26.7,12130500,xlsx,0.003752349618550372,pre_announcement
2022-06-13,26.5,16953300,xlsx,-0.00751883241402734,pre_announcement
2022-06-14,26.35,5509800,xlsx,-0.005676458004805191,pre_announcement
2022-06-15,25.7,18507900,xlsx,-0.024977283086197323,pre_announcement
2022-06-16,25.05,4425700,xlsx,-0.025617164370300215,pre_announcement
2022-06-17,24.3,18296800,xlsx,-0.030397477184371045,pre_announcement
2022-06-20,24.35,801800,xlsx,0.0020554991820959595,pre_announcement
2022-06-21,24.0,15713500,xlsx,-0.014478019180653225,pre_announcement
2022-06-22,23.45,30606100,xlsx,-0.02318333545565728,pre_announcement
2022-06-23,23.5,502800,xlsx,0.002129926257824849,pre_announcement
2022-06-24,23.1,36145200,xlsx,-0.01716780362236533,pre_announcement
2022-06-27,23.15,4577100,xlsx,0.0021621630044950956,pre_announcement
2022-06-28,23.35,4773300,xlsx,0.008602203582663288,pre_announcement
2022-06-29,24.9,1840500,xlsx,0.06427081935575546,pre_announcement
2022-06-30,24.95,8554700,xlsx,0.002006018726865766,pre_announcement
2022-07-01,25.05,15171700,xlsx,0.004000005333346137,pre_announcement
2022-07-04,26.55,7884000,xlsx,0.05815592015707406,pre_announcement
2022-07-05,27.6,18317400,xlsx,0.03878602503515645,pre_announcement
2022-07-06,27.75,11302300,xlsx,0.005420067469339113,pre_announcement
2022-07-07,27.95,6109800,xlsx,0.007181359408664576,pre_announcement
2022-07-08,28.2,4897700,xlsx,0.008904778342959685,pre_announcement
2022-07-12,29.5,9781300,xlsx,0.04506828540170625,pre_announcement
2022-07-13,30.0,6032300,xlsx,0.01680711831638119,pre_announcement
2022-07-14,32.05,2795900,xlsx,0.06609980170452348,pre_announcement
2022-07-15,31.45,2575700,xlsx,-0.018898200220229432,pre_announcement
2022-07-18,30.0,3273000,xlsx,-0.04720160148429414,pre_announcement
2022-07-19,28.9,2678200,xlsx,-0.03735578654376897,pre_announcement
2022-07-20,28.15,8901200,xlsx,-0.02629424053268704,pre_announcement
2022-07-21,28.55,3783100,xlsx,0.014109581516319993,pre_announcement
2022-07-22,29.0,6648900,xlsx,0.01563889388445473,pre_announcement
2022-07-25,29.5,2313900,xlsx,0.01709443335930004,pre_announcement
2022-07-26,29.0,2508100,xlsx,-0.017094433359300068,pre_announcement
2022-07-27,29.55,568100,xlsx,0.01878791386563327,pre_announcement
2022-07-28,30.0,3515200,xlsx,0.015113637810048106,pre_announcement
2022-07-29,29.95,1843600,xlsx,-0.0016680571006970587,pre_announcement
2022-08-01,29.15,3002100,xlsx,-0.027074411764956976,pre_announcement
2022-08-02,29.75,8482600,xlsx,0.020374219195137516,pre_announcement
2022-08-03,29.6,6899200,xlsx,-0.00505477066162406,pre_announcement
2022-08-04,30.0,4305000,xlsx,0.01342302033214055,pre_announcement
2022-08-05,30.1,1242900,xlsx,0.0033277900926747457,pre_announcement
2022-08-08,30.0,12711700,xlsx,-0.003327790092674691,pre_announcement
2022-08-10,30.45,2025600,xlsx,0.014888612493750559,pre_announcement
2022-08-11,31.8,2414800,xlsx,0.04338029563022518,pre_announcement
2022-08-12,31.15,1332600,xlsx,-0.020652044552669054,pre_announcement
2022-08-15,31.15,5086300,xlsx,0.0,pre_announcement
2022-08-16,31.1,2411300,xlsx,-0.0016064260482735768,pre_announcement
2022-08-17,31.1,7573100,xlsx,0.0,pre_announcement
2022-08-18,31.05,1947200,xlsx,-0.0016090108057006626,pre_announcement
2022-08-19,31.25,6192400,xlsx,0.0064205678029227616,pre_announcement
2022-08-22,30.1,3324700,xlsx,-0.037494204427580405,pre_announcement
2022-08-23,29.8,2585600,xlsx,-0.010016778243471344,pre_announcement
2022-08-24,29.1,3560300,xlsx,-0.02377021933391196,pre_announcement
2022-08-25,28.45,1614000,xlsx,-0.022590013605106936,pre_announcement
2022-08-26,28.05,4559100,xlsx,-0.014159528603634503,pre_announcement
2022-08-29,28.25,1756700,xlsx,0.007104825623744582,pre_announcement
2022-08-30,28.2,5198300,xlsx,-0.0017714796483821156,pre_announcement
2022-08-31,27.95,12171700,xlsx,-0.008904778342959722,pre_announcement
2022-09-01,27.85,14308900,xlsx,-0.00358423322781505,pre_announcement
2022-09-02,28.05,7760900,xlsx,0.007155665595412232,pre_announcement
2022-09-05,29.05,4281700,xlsx,0.035029851329214906,pre_announcement
2022-09-06,31.05,7397300,xlsx,0.0665803250815676,pre_announcement
2022-09-07,29.85,4653700,xlsx,-0.03941396854087663,pre_announcement
2022-09-08,29.9,3071200,xlsx,0.001673640558029472,pre_announcement
2022-09-09,29.25,3144600,xlsx,-0.02197890671877523,pre_announcement
2022-09-12,28.65,13162200,xlsx,-0.02072613051711697,pre_announcement
2022-09-14,28.2,4601200,xlsx,-0.015831465216680628,pre_announcement
2022-09-15,26.85,19525800,xlsx,-0.04905615698919408,pre_announcement
2022-09-16,26.55,13486400,xlsx,-0.011236073266925842,pre_announcement
2022-09-19,26.8,1335500,xlsx,0.009372139828863252,pre_announcement
2022-09-20,27.55,5351600,xlsx,0.02760064808211255,pre_announcement
2022-09-21,27.5,6238800,xlsx,-0.001816530926397894,pre_announcement
2022-09-22,27.5,9561000,xlsx,0.0,pre_announcement
2022-09-23,27.4,13487700,xlsx,-0.003642991278501092,pre_announcement
2022-09-26,27.05,7178600,xlsx,-0.012856008101533912,pre_announcement
2022-09-27,26.25,4702900,xlsx,-0.03002101625485782,pre_announcement
2022-09-28,25.95,3706500,xlsx,-0.011494379425735134,pre_announcement
2022-09-29,25.15,2863700,xlsx,-0.031313713066149496,pre_announcement
2022-09-30,24.95,4541600,xlsx,-0.007984074348220531,pre_announcement
2022-10-03,24.75,591400,xlsx,-0.008048333182828372,pre_announcement
2022-10-04,24.45,10379300,xlsx,-0.012195273093818355,pre_announcement
2022-10-05,23.7,10551300,xlsx,-0.031155167779795576,pre_announcement
2022-10-06,23.65,40335300,xlsx,-0.002111933203143613,pre_announcement
2022-10-07,24.75,20918000,xlsx,0.04546237407675741,pre_announcement
2022-10-11,25.95,9481300,xlsx,0.04734612059719821,pre_announcement
2022-10-12,26.35,12788300,xlsx,0.015296665375473827,pre_announcement
2022-10-13,25.85,3895200,xlsx,-0.019157674032933145,pre_announcement
2022-10-14,25.55,555000,xlsx,-0.011673284304724734,pre_announcement
2022-10-17,25.5,884700,xlsx,-0.001958864485333034,pre_announcement
2022-10-18,25.5,1322500,xlsx,0.0,pre_announcement
2022-10-19,25.45,865100,xlsx,-0.001962709167848706,pre_announcement
2022-10-21,24.95,2163100,xlsx,-0.01984192079900406,pre_announcement
2022-10-24,24.55,687200,xlsx,-0.01616196795699799,pre_announcement
2022-10-25,24.4,1719200,xlsx,-0.006128721941373499,pre_announcement
2022-10-26,24.95,3942600,xlsx,0.022290689898371432,pre_announcement
2022-10-27,25.3,184300,xlsx,0.013930573535947002,pre_announcement
2022-10-28,24.85,5331000,xlsx,-0.017946643190836827,pre_announcement
2022-10-31,25.1,2762400,xlsx,0.010010093595100425,pre_announcement
2022-11-01,25.0,12664700,xlsx,-0.003992021269537561,pre_announcement
2022-11-02,24.8,2707000,xlsx,-0.008032171697264267,pre_announcement
2022-11-03,24.8,1566400,xlsx,0.0,pre_announcement
2022-11-04,24.8,7198300,xlsx,0.0,pre_announcement
2022-11-07,24.95,443100,xlsx,0.006030169026591231,pre_announcement
2022-11-08,25.0,5075700,xlsx,0.0020020026706731903,pre_announcement
2022-11-09,25.15,1825300,xlsx,0.005982071677547469,pre_announcement
2022-11-10,25.5,4195400,xlsx,0.013820555618632316,pre_announcement
2022-11-11,25.25,7744500,xlsx,-0.009852296443011594,pre_announcement
2022-11-14,25.1,2129000,xlsx,-0.005958309583630523,pre_announcement
2022-11-15,25.05,8613200,xlsx,-0.0019940186068643953,pre_announcement
2022-11-16,25.25,20419500,xlsx,0.007952328190495015,pre_announcement
2022-11-17,25.25,5792100,xlsx,0.0,pre_announcement
2022-11-18,25.25,12424900,xlsx,0.0,pre_announcement
2022-11-21,25.35,5305700,xlsx,0.003952574315823342,pre_announcement
2022-11-22,25.0,1515000,xlsx,-0.013902905168991493,pre_announcement
2022-11-23,25.0,4009000,xlsx,0.0,pre_announcement
2022-11-24,24.85,1180300,xlsx,-0.00601807232556291,pre_announcement
2022-11-25,24.65,499100,xlsx,-0.008080852053938783,pre_announcement
2022-11-28,24.7,678800,xlsx,0.0020263431452324674,pre_announcement
2022-11-29,24.45,2798100,xlsx,-0.01017302771305052,pre_announcement
2022-11-30,24.35,3735200,xlsx,-0.0040983663922821365,pre_announcement
2022-12-01,24.5,323600,xlsx,0.006141268022082429,pre_announcement
2022-12-02,24.35,5275400,xlsx,-0.006141268022082465,pre_announcement
2022-12-05,23.65,3762700,xlsx,-0.029168734590656917,pre_announcement
2022-12-06,23.85,2657200,xlsx,0.008421102396408345,pre_announcement
2022-12-07,24.1,3595800,xlsx,0.01042762316225916,pre_announcement
2022-12-08,24.1,6624500,xlsx,0.0,pre_announcement
2022-12-09,24.3,1258500,xlsx,0.008264509849893431,pre_announcement
2022-12-13,24.9,876500,xlsx,0.024391453124159048,pre_announcement
2022-12-14,25.0,1645100,xlsx,0.004008021397538868,pre_announcement
2022-12-15,24.8,2925800,xlsx,-0.008032171697264267,pre_announcement
2022-12-16,24.95,4606000,xlsx,0.006030169026591231,pre_announcement
2022-12-19,24.9,264400,xlsx,-0.002006018726865743,pre_announcement
2022-12-20,24.8,901200,xlsx,-0.00402415029972538,pre_announcement
2022-12-21,24.75,2791700,xlsx,-0.002018164156237236,pre_announcement
2022-12-22,24.7,1202000,xlsx,-0.002022245380767809,pre_announcement
2022-12-23,24.6,624400,xlsx,-0.004056800695614318,pre_announcement
2022-12-28,24.45,153100,xlsx,-0.006116227017436205,pre_announcement
2022-12-29,24.0,3306100,xlsx,-0.01857638557293542,pre_announcement
2022-12-30,24.15,13959200,xlsx,0.006230549750635942,pre_announcement
2023-01-03,24.05,575900,xlsx,-0.004149383546811366,pre_announcement
2023-01-04,23.9,1882800,xlsx,-0.00625653761430526,pre_announcement
2023-01-05,23.9,279300,xlsx,0.0,pre_announcement
2023-01-06,23.5,2024400,xlsx,-0.016878037787351637,pre_announcement
2023-01-09,23.35,3736500,xlsx,-0.006403437035206913,pre_announcement
2023-01-10,22.95,5557600,xlsx,-0.017279047608352287,pre_announcement
2023-01-11,22.65,689700,xlsx,-0.013158084577511199,pre_announcement
2023-01-12,22.25,3003600,xlsx,-0.017817843316793786,pre_announcement
2023-01-13,22.0,2403000,xlsx,-0.011299555253933394,pre_announcement
2023-01-16,21.55,1927800,xlsx,-0.020666636808558996,pre_announcement
2023-01-17,21.1,4056800,xlsx,-0.02110277606773594,pre_announcement
2023-01-18,20.6,57134500,xlsx,-0.02398196468648544,pre_announcement
2023-01-19,21.75,107510304,xlsx,0.05432268173915757,pre_announcement
2023-01-20,22.55,2449000,xlsx,0.03612130841399425,pre_announcement
2023-01-23,23.0,2274700,xlsx,0.019759149980462392,pre_announcement
2023-01-24,23.05,8077900,xlsx,0.0021715535135079325,pre_announcement
2023-01-25,23.55,12920300,xlsx,0.021460051019769288,pre_announcement
2023-01-26,23.25,1304000,xlsx,-0.012820688429061434,pre_announcement
2023-01-27,23.25,622600,xlsx,0.0,pre_announcement
2023-01-30,23.05,847500,xlsx,-0.00863936259070774,pre_announcement
2023-01-31,23.4,1940200,xlsx,0.015070252920998173,pre_announcement
2023-02-01,24.0,7298100,xlsx,0.02531780798429,pre_announcement
2023-02-02,24.0,2086300,xlsx,0.0,pre_announcement
2023-02-03,24.5,1746900,xlsx,0.02061928720273561,pre_announcement
2023-02-06,24.45,9459700,xlsx,-0.0020429016298002933,pre_announcement
2023-02-07,24.0,3603800,xlsx,-0.01857638557293542,pre_announcement
2023-02-08,24.0,1128700,xlsx,0.0,pre_announcement
2023-02-09,24.1,1112900,xlsx,0.004158010148663677,pre_announcement
2023-02-10,23.9,4673200,xlsx,-0.00833338155914441,pre_announcement
2023-02-13,23.75,390100,xlsx,-0.0062959284568147,pre_announcement
2023-02-14,23.7,1185600,xlsx,-0.0021074823395646983,pre_announcement
2023-02-15,23.7,3483300,xlsx,0.0,pre_announcement
2023-02-16,23.6,15340000,xlsx,-0.004228336109521064,pre_announcement
2023-02-17,23.65,205400,xlsx,0.002116402906377472,pre_announcement
2023-02-20,23.5,771800,xlsx,-0.006362693787828657,pre_announcement
2023-02-21,23.45,1567800,xlsx,-0.002129926257824965,pre_announcement
2023-02-22,23.5,11200400,xlsx,0.002129926257824849,pre_announcement
2023-02-23,23.4,970100,xlsx,-0.00426439878645754,pre_announcement
2023-02-24,23.35,590100,xlsx,-0.0021390382487493074,pre_announcement
2023-02-27,23.0,8930200,xlsx,-0.015102768185756742,pre_announcement
2023-02-28,23.3,3743300,xlsx,0.012959144642505116,pre_announcement
2023-03-01,23.35,2096800,xlsx,0.002143623543251369,pre_announcement
2023-03-02,23.5,2949200,xlsx,0.006403437035207007,pre_announcement
2023-03-03,23.45,404700,xlsx,-0.002129926257824965,pre_announcement
2023-03-06,23.0,4611000,xlsx,-0.019376278963138607,pre_announcement
2023-03-07,22.55,2794600,xlsx,-0.019759149980462333,pre_announcement
2023-03-08,20.95,28703400,xlsx,-0.07359641958054071,pre_announcement
2023-03-09,20.95,14873900,xlsx,0.0,pre_announcement
2023-03-10,20.6,1442700,xlsx,-0.016847570572611242,pre_announcement
2023-03-13,19.6,3227200,xlsx,-0.049761509559063825,pre_announcement
2023-03-14,19.1,3589700,xlsx,-0.025841231183887328,pre_announcement
2023-03-15,18.0,16825500,xlsx,-0.05931657715641962,pre_announcement
2023-03-16,17.0,39533700,xlsx,-0.05715841383994864,pre_announcement
2023-03-17,16.35,78127904,xlsx,-0.03898544671295354,pre_announcement
2023-03-20,17.95,15620895,xlsx,0.09336221759102542,pre_announcement
2023-03-21,18.95,37107400,xlsx,0.05421381659414752,pre_announcement
2023-03-22,19.1,5680900,xlsx,0.007884403524149056,pre_announcement
2023-03-23,19.0,8703800,xlsx,-0.00524935588614379,pre_announcement
2023-03-24,18.9,29109400,xlsx,-0.005277057100843893,pre_announcement
2023-03-27,18.85,2344800,xlsx,-0.0026490081715767307,pre_announcement
2023-03-28,18.5,5636200,xlsx,-0.01874218180974075,pre_announcement
2023-03-29,18.5,10100200,xlsx,0.0,pre_announcement
2023-03-30,18.0,15186300,xlsx,-0.027398974188114388,pre_announcement
2023-03-31,18.1,1704000,xlsx,0.005540180375615351,pre_announcement
2023-04-03,18.15,3428600,xlsx,0.0027586224390796607,pre_announcement
2023-04-04,18.0,14295800,xlsx,-0.008298802814695066,pre_announcement
2023-04-05,18.05,24080000,xlsx,0.0027739268827252244,pre_announcement
2023-04-06,18.6,4375000,xlsx,0.030015895940265568,pre_announcement
2023-04-11,18.45,5052300,xlsx,-0.008097210232619475,pre_announcement
2023-04-12,18.35,2908300,xlsx,-0.005434795985956833,pre_announcement
2023-04-13,17.85,2163500,xlsx,-0.027626066274931152,pre_announcement
2023-04-14,17.8,2620100,xlsx,-0.0028050509276086096,pre_announcement
2023-04-17,17.05,3459200,xlsx,-0.04304825356851372,pre_announcement
2023-04-18,16.85,2256100,xlsx,-0.011799546931155055,pre_announcement
2023-04-19,16.7,4827100,xlsx,-0.008941937375661393,pre_announcement
2023-04-20,16.5,8316600,xlsx,-0.01204833851617448,pre_announcement
2023-04-24,16.7,802400,xlsx,0.012048338516174355,pre_announcement
2023-04-25,16.5,13043100,xlsx,-0.01204833851617448,pre_announcement
2023-04-26,16.7,1559200,xlsx,0.012048338516174355,pre_announcement
2023-04-27,16.7,616200,xlsx,0.0,pre_announcement
2023-04-28,16.5,10408200,xlsx,-0.01204833851617448,pre_announcement
2023-05-02,16.5,937800,xlsx,0.0,pre_announcement
2023-05-03,16.05,12831200,xlsx,-0.02765153133051001,pre_announcement
2023-05-04,16.25,16373300,xlsx,0.012384059199721622,pre_announcement
2023-05-05,15.75,6391900,xlsx,-0.031252543504104426,pre_announcement
2023-05-08,15.95,573100,xlsx,0.012618463959211464,pre_announcement
2023-05-09,15.6,3955000,xlsx,-0.022187914975362218,pre_announcement
2023-05-10,15.3,6690300,xlsx,-0.019418085857101513,pre_announcement
2023-05-11,14.7,18694700,xlsx,-0.04000533461369925,pre_announcement
2023-05-12,13.25,41634500,xlsx,-0.1038499413524594,pre_announcement
2023-05-15,13.0,22757400,xlsx,-0.019048194970694474,pre_announcement
2023-05-16,14.3,1219300,xlsx,0.09531017980432493,pre_announcement
2023-05-17,15.5,18171800,xlsx,0.08058048665933938,pre_announcement
2023-05-18,14.85,7282500,xlsx,-0.042840158676492365,pre_announcement
2023-05-19,15.0,2100500,xlsx,0.010050335853501506,pre_announcement
2023-05-22,15.05,2271800,xlsx,0.0033277900926747457,pre_announcement
2023-05-23,15.3,2738400,xlsx,0.016474837203505042,pre_announcement
2023-05-24,15.25,8640900,xlsx,-0.003273325344969249,pre_announcement
2023-05-25,15.05,22905400,xlsx,-0.013201511858535842,pre_announcement
2023-05-26,15.05,12117800,xlsx,0.0,pre_announcement
2023-05-29,15.25,444100,xlsx,0.01320151185853576,pre_announcement
2023-05-30,15.9,15838100,xlsx,0.04173960617276513,pre_announcement
2023-05-31,16.6,10822100,xlsx,0.0430835861363117,pre_announcement
2023-06-02,16.95,10047000,xlsx,0.02086513846396154,pre_announcement
2023-06-05,16.95,2200300,xlsx,0.0,pre_announcement
2023-06-06,17.0,3968700,xlsx,0.0029455102297569658,pre_announcement
2023-06-07,16.95,1410600,xlsx,-0.002945510229756803,pre_announcement
2023-06-08,16.7,1734900,xlsx,-0.014859114403749828,pre_announcement
2023-06-09,16.6,568400,xlsx,-0.006006024060211699,pre_announcement
2023-06-12,15.75,5374200,xlsx,-0.052562330090855564,pre_announcement
2023-06-13,15.05,8512100,xlsx,-0.04546237407675729,pre_announcement
2023-06-14,14.95,3786800,xlsx,-0.006666691358189345,pre_announcement
2023-06-15,14.85,2369800,xlsx,-0.006711434587986804,pre_announcement
2023-06-16,14.9,13905700,xlsx,0.0033613477027049274,pre_announcement
2023-06-19,16.05,477200,xlsx,0.07434763662461147,pre_announcement
2023-06-20,16.25,1425100,xlsx,0.012384059199721622,pre_announcement
2023-06-21,16.8,2504300,xlsx,0.03328597763346676,pre_announcement
2023-06-22,17.45,4990500,xlsx,0.037960762239222796,pre_announcement
2023-06-23,17.5,9481100,xlsx,0.002861232281032195,pre_announcement
2023-06-26,17.5,8518700,xlsx,0.0,pre_announcement
2023-06-27,17.4,867000,xlsx,-0.005730674708985095,pre_announcement
2023-06-29,17.45,329700,xlsx,0.0028694424279529607,pre_announcement
2023-06-30,17.5,1626500,xlsx,0.002861232281032195,pre_announcement
2023-07-03,17.75,467500,xlsx,0.014184634991956381,pre_announcement
2023-07-04,17.8,15905700,xlsx,0.0028129413766146577,pre_announcement
2023-07-05,17.7,2344200,xlsx,-0.005633817718256131,pre_announcement
2023-07-06,17.85,18260100,xlsx,0.008438868645864824,pre_announcement
2023-07-07,18.9,3157600,xlsx,0.057158413839948415,pre_announcement
2023-07-10,19.55,2819500,xlsx,0.03381336436577811,pre_announcement
2023-07-11,19.7,4534200,xlsx,0.007643349312568066,pre_announcement
2023-07-12,19.7,5111900,xlsx,0.0,pre_announcement
2023-07-13,19.4,437100,xlsx,-0.015345569674660421,pre_announcement
2023-07-14,19.2,930500,xlsx,-0.010362787035546547,pre_announcement
2023-07-17,19.3,314300,xlsx,0.005194816877104151,pre_announcement
2023-07-18,18.55,4618000,xlsx,-0.03963530685739575,pre_announcement
2023-07-19,18.15,1425600,xlsx,-0.021799228342584517,pre_announcement
2023-07-20,18.05,3894900,xlsx,-0.005524875931969692,pre_announcement
2023-07-21,18.0,970100,xlsx,-0.0027739268827253194,pre_announcement
2023-07-24,17.85,941600,xlsx,-0.00836824967051658,pre_announcement
2023-07-25,16.8,8347100,xlsx,-0.060624621816434854,pre_announcement
2023-07-26,16.15,6423200,xlsx,-0.03945883674054778,pre_announcement
2023-07-27,17.25,784600,xlsx,0.06589209380870333,pre_announcement
2023-07-28,16.6,208485904,xlsx,-0.03840944811487118,pre_announcement
2023-07-31,16.9,558800,xlsx,0.017910926566530025,pre_announcement
2023-08-01,17.35,3925500,xlsx,0.026278884463840652,pre_announcement
2023-08-02,16.9,946700,xlsx,-0.026278884463840534,pre_announcement
2023-08-03,16.8,1753000,xlsx,-0.005934735519814466,pre_announcement
2023-08-04,16.8,597400,xlsx,0.0,pre_announcement
2023-08-07,16.75,599700,xlsx,-0.0029806281381377893,pre_announcement
2023-08-08,16.4,4449000,xlsx,-0.021116923440922808,pre_announcement
2023-08-09,16.35,308100,xlsx,-0.0030534374868901202,pre_announcement
2023-08-10,16.15,1236200,xlsx,-0.01230784767459704,pre_announcement
2023-08-11,16.05,5178900,xlsx,-0.006211200092640524,pre_announcement
2023-08-14,15.9,5431200,xlsx,-0.009389740349839032,pre_announcement
2023-08-15,15.9,2795500,xlsx,0.0,pre_announcement
2023-08-16,15.0,30962800,xlsx,-0.05826890812397576,pre_announcement
2023-08-17,15.95,7023200,xlsx,0.06140862812864342,pre_announcement
2023-08-18,16.0,1575200,xlsx,0.003129893008927787,pre_announcement
2023-08-21,15.95,975600,xlsx,-0.0031298930089277044,pre_announcement
2023-08-22,15.9,1019800,xlsx,-0.003139720004667641,pre_announcement
2023-08-23,15.55,3907600,xlsx,-0.022258470600942697,pre_announcement
2023-08-24,15.75,520900,xlsx,0.0127797266463988,pre_announcement
2023-08-25,15.5,671600,xlsx,-0.01600034134644119,pre_announcement
2023-08-28,15.45,3574900,xlsx,-0.003231020581446532,pre_announcement
2023-08-29,15.45,1522500,xlsx,0.0,pre_announcement
2023-08-30,15.5,5767600,xlsx,0.00323102058144654,pre_announcement
2023-08-31,15.4,1497600,xlsx,-0.006472514505617479,pre_announcement
2023-09-01,15.1,2761200,xlsx,-0.019672765598704893,pre_announcement
2023-09-04,15.1,802900,xlsx,0.0,pre_announcement
2023-09-05,15.1,11102200,xlsx,0.0,pre_announcement
2023-09-06,15.1,23586000,xlsx,0.0,pre_announcement
2023-09-07,15.25,1374300,xlsx,0.009884759232541925,pre_announcement
2023-09-08,15.5,8584700,xlsx,0.016260520871780326,pre_announcement
2023-09-11,15.75,10124400,xlsx,0.01600034134644112,pre_announcement
2023-09-12,15.35,1665700,xlsx,-0.02572489123843593,pre_announcement
2023-09-13,15.3,8023600,xlsx,-0.0032626456348162714,pre_announcement
2023-09-14,15.5,15168100,xlsx,0.012987195526811112,pre_announcement
2023-09-15,15.75,1722600,xlsx,0.01600034134644112,pre_announcement
2023-09-18,15.6,1446826,xlsx,-0.009569451016150785,pre_announcement
2023-09-19,15.4,935300,xlsx,-0.012903404835907841,pre_announcement
2023-09-20,15.0,32720500,xlsx,-0.026317308317373417,pre_announcement
2023-09-21,14.95,1273300,xlsx,-0.0033389012655147096,pre_announcement
2023-09-22,15.0,8289600,xlsx,0.0033389012655146303,pre_announcement
2023-09-25,14.95,2139000,xlsx,-0.0033389012655147096,pre_announcement
2023-09-26,14.9,299700,xlsx,-0.003350086885281863,pre_announcement
2023-09-27,14.7,3180700,xlsx,-0.013513719166722933,pre_announcement
2023-09-28,14.6,2383000,xlsx,-0.006825965070399871,pre_announcement
2023-09-29,14.6,2270500,xlsx,0.0,pre_announcement
2023-10-02,14.65,1919700,xlsx,0.0034188067487856823,pre_announcement
2023-10-03,14.7,2602000,xlsx,0.0034071583216141346,pre_announcement
2023-10-04,14.65,574900,xlsx,-0.0034071583216141975,pre_announcement
2023-10-05,14.5,2483600,xlsx,-0.010291686036547636,pre_announcement
2023-10-06,14.0,48233400,xlsx,-0.03509131981127006,pre_announcement
2023-10-09,14.0,809100,xlsx,0.0,pre_announcement
2023-10-11,13.9,5405200,xlsx,-0.007168489478612516,pre_announcement
2023-10-12,14.0,1661300,xlsx,0.007168489478612497,pre_announcement
2023-10-13,13.95,900800,xlsx,-0.003577821347884078,pre_announcement
2023-10-16,13.95,1711200,xlsx,0.0,pre_announcement
2023-10-17,13.8,504600,xlsx,-0.010810916104215506,pre_announcement
2023-10-18,13.8,10979700,xlsx,0.0,pre_announcement
2023-10-19,13.8,6356700,xlsx,0.0,pre_announcement
2023-10-23,13.6,11962300,xlsx,-0.014598799421152749,pre_announcement
2023-10-24,13.0,1458400,xlsx,-0.045120435280469544,pre_announcement
2023-10-25,12.5,8052800,xlsx,-0.03922071315328127,pre_announcement
2023-10-26,12.45,6886500,xlsx,-0.004008021397538822,pre_announcement
2023-10-27,12.5,72111600,xlsx,0.004008021397538868,pre_announcement
2023-10-30,12.5,14855700,xlsx,0.0,pre_announcement
2023-10-31,12.45,2338500,xlsx,-0.004008021397538822,pre_announcement
2023-11-01,12.3,811900,xlsx,-0.012121360532344737,pre_announcement
2023-11-02,12.1,705400,xlsx,-0.016393809775676497,pre_announcement
2023-11-03,11.65,5888700,xlsx,-0.03789927259098582,pre_announcement
2023-11-06,11.95,3788800,xlsx,0.02542509836580996,pre_announcement
2023-11-07,12.0,12695600,xlsx,0.004175371410480592,pre_announcement
2023-11-08,12.45,371700,xlsx,0.036813973122716184,pre_announcement
2023-11-09,13.3,17306000,xlsx,0.06604341231699164,pre_announcement
2023-11-10,13.5,59099800,xlsx,0.014925650216675574,pre_announcement
2023-11-14,13.3,1883200,xlsx,-0.014925650216675593,pre_announcement
2023-11-15,13.5,6066300,xlsx,0.014925650216675574,pre_announcement
2023-11-16,13.5,3915000,xlsx,0.0,pre_announcement
2023-11-17,13.45,7093700,xlsx,-0.003710579396535713,pre_announcement
2023-11-20,13.4,2454400,xlsx,-0.003724399090982328,pre_announcement
2023-11-21,13.45,4615700,xlsx,0.0037243990909822727,pre_announcement
2023-11-22,13.7,3260900,xlsx,0.018416726786231068,pre_announcement
2023-11-23,13.6,885500,xlsx,-0.007326040092072898,pre_announcement
2023-11-24,13.7,219500,xlsx,0.007326040092072881,pre_announcement
2023-11-27,13.45,2743600,xlsx,-0.01841672678623115,pre_announcement
2023-11-28,14.0,13252700,xlsx,0.040078223567410524,pre_announcement
2023-11-29,14.0,9416400,xlsx,0.0,pre_announcement
2023-11-30,14.05,16439400,xlsx,0.0035650661644961446,pre_announcement
2023-12-01,14.05,1213300,xlsx,0.0,pre_announcement
2023-12-04,14.5,1972800,xlsx,0.03152625364677395,pre_announcement
2023-12-05,14.8,8039500,xlsx,0.0204785313435407,pre_announcement
2023-12-06,14.6,59683100,xlsx,-0.013605652055778709,pre_announcement
2023-12-07,14.55,1248800,xlsx,-0.0034305350967891368,pre_announcement
2023-12-08,14.55,2899700,xlsx,0.0,pre_announcement
2023-12-11,14.5,1768900,xlsx,-0.0034423441909729015,pre_announcement
2023-12-13,14.45,14879800,xlsx,-0.0034542348680875576,pre_announcement
2023-12-14,14.4,6830400,xlsx,-0.0034662079764861725,pre_announcement
2023-12-15,14.1,753200,xlsx,-0.02105340919783238,pre_announcement
2023-12-18,13.85,5857300,xlsx,-0.017889564750775057,pre_announcement
2023-12-19,13.5,11518300,xlsx,-0.025595547188963768,pre_announcement
2023-12-20,13.5,6908500,xlsx,0.0,pre_announcement
2023-12-21,13.55,5824300,xlsx,0.0036968618813262026,pre_announcement
2023-12-22,13.55,1740200,xlsx,0.0,pre_announcement
2023-12-27,13.6,14199200,xlsx,0.003683245416296368,pre_announcement
2023-12-28,13.7,5262500,xlsx,0.007326040092072881,pre_announcement
2023-12-29,13.9,396700,xlsx,0.014493007302566824,pre_announcement
2024-01-02,13.75,176500,xlsx,-0.010850016024065818,pre_announcement
2024-01-03,13.65,1666700,xlsx,-0.007299302481611496,pre_announcement
2024-01-04,13.6,1000500,xlsx,-0.003669728888962513,pre_announcement
2024-01-05,13.6,5622200,xlsx,0.0,pre_announcement
2024-01-08,13.85,248500,xlsx,0.01821543989134112,pre_announcement
2024-01-09,13.65,2192400,xlsx,-0.014545711002378751,pre_announcement
2024-01-10,13.8,4438100,xlsx,0.01092907053219023,pre_announcement
2024-01-11,13.9,10658100,xlsx,0.007220247973487097,pre_announcement
2024-01-12,13.9,440301,xlsx,0.0,pre_announcement
2024-01-15,13.9,407100,xlsx,0.0,pre_announcement
2024-01-16,13.9,2446300,xlsx,0.0,pre_announcement
2024-01-17,14.0,5351600,xlsx,0.007168489478612497,pre_announcement
2024-01-18,13.95,1274796,xlsx,-0.003577821347884078,pre_announcement
2024-01-19,13.95,11829383,xlsx,0.0,pre_announcement
2024-01-22,13.9,2946843,xlsx,-0.0035906681307284844,pre_announcement
2024-01-23,13.8,316531,xlsx,-0.00722024797348702,pre_announcement
2024-01-24,13.6,1912485,xlsx,-0.014598799421152749,pre_announcement
2024-01-25,13.45,2189873,xlsx,-0.011090686694158284,pre_announcement
2024-01-26,13.1,928209,xlsx,-0.026366875840742224,pre_announcement
2024-01-29,13.1,4918014,xlsx,0.0,pre_announcement
2024-01-30,13.55,5800842,xlsx,0.03377431711860405,pre_announcement
2024-01-31,13.6,3222796,xlsx,0.003683245416296368,pre_announcement
2024-02-01,13.5,4668163,xlsx,-0.007380107297622534,pre_announcement
2024-02-02,13.5,6246050,xlsx,0.0,pre_announcement
2024-02-05,13.45,7576181,xlsx,-0.003710579396535713,pre_announcement
2024-02-06,13.45,7787228,xlsx,0.0,pre_announcement
2024-02-07,13.15,1425150,xlsx,-0.022557347424074514,pre_announcement
2024-02-08,13.2,1846218,xlsx,0.0037950709685515343,pre_announcement
2024-02-09,13.05,4896889,xlsx,-0.011428695823622631,pre_announcement
2024-02-12,13.2,242432,xlsx,0.01142869582362263,pre_announcement
2024-02-13,13.2,22076984,xlsx,0.0,pre_announcement
2024-02-14,13.0,1334578,xlsx,-0.01526747213078842,pre_announcement
2024-02-15,13.05,14330333,xlsx,0.003838776307165667,pre_announcement
2024-02-16,13.1,11761452,xlsx,0.0038240964384032546,pre_announcement
2024-02-19,13.4,480702,xlsx,0.02264247674975997,pre_announcement
2024-02-20,13.5,494126,xlsx,0.0074349784875179905,pre_announcement
2024-02-21,13.4,4541098,xlsx,-0.00743497848751809,pre_announcement
2024-02-22,13.4,19051502,xlsx,0.0,pre_announcement
2024-02-23,13.4,1801603,xlsx,0.0,pre_announcement
2024-02-26,13.75,2030615,xlsx,0.025784117155714634,pre_announcement
2024-02-27,13.65,5064350,xlsx,-0.007299302481611496,pre_announcement
2024-02-28,13.5,13609969,xlsx,-0.011049836186585046,pre_announcement
2024-02-29,13.25,5538379,xlsx,-0.01869213301215252,pre_announcement
2024-03-01,13.5,11252233,xlsx,0.018692133012152546,pre_announcement
2024-03-04,13.5,2195646,xlsx,0.0,pre_announcement
2024-03-05,13.5,10095177,xlsx,0.0,pre_announcement
2024-03-06,13.75,1544615,xlsx,0.018349138668196617,pre_announcement
2024-03-07,13.9,1017300,xlsx,0.010850016024065844,pre_announcement
2024-03-08,13.9,10298351,xlsx,0.0,pre_announcement
2024-03-11,14.15,1723052,xlsx,0.017825783952600666,pre_announcement
2024-03-12,14.5,23290128,xlsx,0.02443402533728204,pre_announcement
2024-03-13,14.6,37153224,xlsx,0.0068728792877620504,pre_announcement
2024-03-14,15.0,42418852,xlsx,0.02702867238791942,pre_announcement
2024-03-15,15.2,2631511,xlsx,0.013245226750020505,pre_announcement
2024-03-18,14.6,9308068,xlsx,-0.04027389913793996,pre_announcement
2024-03-19,14.8,3772800,xlsx,0.013605652055778678,pre_announcement
2024-03-20,15.4,5257681,xlsx,0.03974032864951412,pre_announcement
2024-03-21,16.15,6160798,xlsx,0.047552540249082065,pre_announcement
2024-03-22,16.75,20780444,xlsx,0.03647820860240988,pre_announcement
2024-03-25,17.6,104525536,xlsx,0.04950064377303084,pre_announcement
2024-03-26,19.25,5313749,xlsx,0.08961215868968714,pre_announcement
2024-03-27,19.3,7006130,xlsx,0.002594035177046749,pre_announcement
2024-03-28,17.75,13614209,xlsx,-0.08371957998941514,pre_announcement
2024-04-02,17.55,7807372,xlsx,-0.01133156600954997,pre_announcement
2024-04-03,18.0,16829662,xlsx,0.025317807984289786,pre_announcement
2024-04-04,17.7,6958456,xlsx,-0.01680711831638129,pre_announcement
2024-04-05,17.55,5391068,xlsx,-0.008510689667908506,pre_announcement
2024-04-08,16.8,6289498,xlsx,-0.04367506350266153,pre_announcement
2024-04-09,16.65,8563746,xlsx,-0.008968669982760488,pre_announcement
2024-04-11,16.65,4093027,xlsx,0.0,pre_announcement
2024-04-12,16.95,3761825,xlsx,0.01785761740000647,pre_announcement
2024-04-15,17.05,5336446,xlsx,0.005882369903066613,pre_announcement
2024-04-16,16.95,941329,xlsx,-0.005882369903066636,pre_announcement
2024-04-17,16.75,10621829,xlsx,-0.011869575555383769,pre_announcement
2024-04-18,16.35,1278401,xlsx,-0.024170360927812953,pre_announcement
2024-04-19,16.0,11548115,xlsx,-0.021639175103481293,pre_announcement
2024-04-22,16.1,426521,xlsx,0.006230549750636163,pre_announcement
2024-04-23,16.25,5562207,xlsx,0.009273636785329033,pre_announcement
2024-04-24,16.35,912621,xlsx,0.006134988567515929,pre_announcement
2024-04-25,16.35,3116386,xlsx,0.0,pre_announcement
2024-04-26,16.3,1809443,xlsx,-0.003062789530545767,pre_announcement
2024-04-29,16.0,4777844,xlsx,-0.01857638557293542,pre_announcement
2024-04-30,15.95,616134,xlsx,-0.0031298930089277044,pre_announcement
2024-05-02,16.0,1899439,xlsx,0.003129893008927787,pre_announcement
2024-05-03,15.95,1484111,xlsx,-0.0031298930089277044,pre_announcement
2024-05-06,15.75,898674,xlsx,-0.012618463959211462,pre_announcement
2024-05-07,15.65,5009564,xlsx,-0.006369448285479823,pre_announcement
2024-05-08,15.95,7641296,xlsx,0.01898791224469138,pre_announcement
2024-05-09,16.5,2783403,xlsx,0.033901551675681416,pre_announcement
2024-05-13,17.35,1325651,xlsx,0.050232125486333275,pre_announcement
2024-05-14,17.35,2381385,xlsx,0.0,pre_announcement
2024-05-15,17.25,5723305,xlsx,-0.005780362915499537,pre_announcement
2024-05-16,17.25,526176,xlsx,0.0,pre_announcement
2024-05-17,17.4,668097,xlsx,0.008658062743114531,pre_announcement
2024-05-20,17.95,5744347,xlsx,0.031119908713804472,pre_announcement
2024-05-21,18.3,5897075,xlsx,0.019310944913087522,pre_announcement
2024-05-22,18.9,16527928,xlsx,0.03226086221822126,pre_announcement
2024-05-23,18.0,13520404,xlsx,-0.048790164169431945,pre_announcement
2024-05-24,17.75,8426515,xlsx,-0.01398624197473984,pre_announcement
2024-05-27,17.8,775938,xlsx,0.0028129413766146577,pre_announcement
2024-05-28,18.5,30893888,xlsx,0.03857227478623965,pre_announcement
2024-05-29,18.35,18215942,xlsx,-0.008141157583699774,pre_announcement
2024-05-30,18.05,11478975,xlsx,-0.01648388972168937,pre_announcement
2024-05-31,17.9,12864865,xlsx,-0.008344971932180758,pre_announcement
2024-06-03,18.0,6821364,xlsx,0.0055710450494554295,pre_announcement
2024-06-04,18.0,3279729,xlsx,0.0,pre_announcement
2024-06-05,18.05,5474863,xlsx,0.0027739268827252244,pre_announcement
2024-06-06,18.35,4895332,xlsx,0.016483889721689415,pre_announcement
2024-06-07,18.35,3251097,xlsx,0.0,pre_announcement
2024-06-10,18.1,270567,xlsx,-0.013717636228799195,pre_announcement
2024-06-11,18.05,9094952,xlsx,-0.002766253492890185,pre_announcement
2024-06-12,18.1,8259878,xlsx,0.00276625349289011,pre_announcement
2024-06-13,18.1,7702956,xlsx,0.0,pre_announcement
2024-06-14,18.2,241342,xlsx,0.0055096558109694795,pre_announcement
2024-06-18,18.3,1250466,xlsx,0.0054794657646255705,pre_announcement
2024-06-19,18.5,4110032,xlsx,0.010869672236903891,pre_announcement
2024-06-20,18.7,6462731,xlsx,0.010752791776261697,pre_announcement
2024-06-21,18.15,3081741,xlsx,-0.02985296314968116,pre_announcement
2024-06-24,18.1,2153806,xlsx,-0.0027586224390795284,pre_announcement
2024-06-25,18.05,2368238,xlsx,-0.002766253492890185,pre_announcement
2024-06-26,17.85,15357400,xlsx,-0.011142176553241848,pre_announcement
2024-06-27,17.2,3790890,xlsx,-0.03709412440624082,pre_announcement
2024-06-28,17.3,6538199,xlsx,0.005797117684325915,pre_announcement
2024-07-01,17.45,1359822,xlsx,0.008633147144702875,pre_announcement
2024-07-02,17.4,5079080,xlsx,-0.00286944242795282,pre_announcement
2024-07-03,17.35,6918205,xlsx,-0.0028776998276149467,pre_announcement
2024-07-04,17.2,5027500,xlsx,-0.008683122573460994,pre_announcement
2024-07-05,17.3,2170740,xlsx,0.005797117684325915,pre_announcement
2024-07-08,17.3,5022877,xlsx,0.0,pre_announcement
2024-07-09,17.3,2397575,xlsx,0.0,pre_announcement
2024-07-10,17.1,1644782,xlsx,-0.011628037995119099,pre_announcement
2024-07-11,17.05,6594167,xlsx,-0.0029282597790884456,pre_announcement
2024-07-12,17.05,6048580,xlsx,0.0,pre_announcement
2024-07-15,17.0,11160844,xlsx,-0.0029368596733097135,pre_announcement
2024-07-16,17.0,928961,xlsx,0.0,pre_announcement
2024-07-17,16.75,1146470,xlsx,-0.014815085785140587,pre_announcement
2024-07-18,16.45,1016525,xlsx,-0.018072781059694617,pre_announcement
2024-07-19,16.4,432516,xlsx,-0.003044142381228244,pre_announcement
2024-07-22,16.2,5542263,xlsx,-0.01227009259181436,pre_announcement
2024-07-23,16.15,6812321,xlsx,-0.003091192569672858,pre_announcement
2024-07-24,15.95,5219962,xlsx,-0.01246122043781189,pre_announcement
2024-07-25,15.55,21303512,xlsx,-0.025398190605610344,pre_announcement
2024-07-26,15.1,25625200,xlsx,-0.02936589480436454,pre_announcement
2024-07-29,15.3,3487699,xlsx,0.0131580845775112,pre_announcement
2024-07-30,16.0,5675624,xlsx,0.04473589384139152,pre_announcement
2024-07-31,15.9,883400,xlsx,-0.006269613013595374,pre_announcement
2024-08-01,15.35,1895015,xlsx,-0.03520363519297967,pre_announcement
2024-08-02,15.05,14638485,xlsx,-0.01973748283832132,pre_announcement
2024-08-05,14.4,12415689,xlsx,-0.044149784612929864,pre_announcement
2024-08-06,14.85,4266714,xlsx,0.030771658666753687,pre_announcement
2024-08-07,14.7,3229309,xlsx,-0.010152371464018073,pre_announcement
2024-08-08,14.75,9073083,xlsx,0.0033955890011383287,pre_announcement
2024-08-09,14.8,1643250,xlsx,0.003384097984240494,pre_announcement
2024-08-12,14.8,8245881,xlsx,0.0,pre_announcement
2024-08-13,14.65,5494808,xlsx,-0.01018684530699313,pre_announcement
2024-08-14,14.6,6745292,xlsx,-0.003418806748785609,pre_announcement
2024-08-15,14.75,407250,xlsx,0.010221554071538007,pre_announcement
2024-08-16,14.85,3081800,xlsx,0.006756782462879687,pre_announcement
2024-08-19,14.95,9568041,xlsx,0.006711434587986778,pre_announcement
2024-08-20,15.0,2548406,xlsx,0.0033389012655146303,pre_announcement
2024-08-21,15.0,14014305,xlsx,0.0,pre_announcement
2024-08-22,15.05,453084,xlsx,0.0033277900926747457,pre_announcement
2024-08-23,15.0,2522864,xlsx,-0.003327790092674691,pre_announcement
2024-08-26,14.9,471081,xlsx,-0.00668898815079654,pre_announcement
2024-08-27,14.8,7508280,xlsx,-0.006734032181344068,pre_announcement
2024-08-28,14.55,17813408,xlsx,-0.017036187152567852,pre_announcement
2024-08-29,14.5,28427036,xlsx,-0.0034423441909729015,pre_announcement
2024-08-30,14.5,35610704,xlsx,0.0,pre_announcement
2024-09-02,14.7,7264583,xlsx,0.013698844358161927,pre_announcement
2024-09-03,14.7,14355927,xlsx,0.0,pre_announcement
2024-09-04,14.7,17825050,xlsx,0.0,pre_announcement
2024-09-05,14.9,8917482,xlsx,0.013513719166722855,pre_announcement
2024-09-06,14.8,1949599,xlsx,-0.006734032181344068,pre_announcement
2024-09-09,14.85,590744,xlsx,0.003372684478639156,pre_announcement
2024-09-10,15.15,1208281,xlsx,0.02000066670666965,pre_announcement
2024-09-11,15.3,11419070,xlsx,0.00985229644301164,pre_announcement
2024-09-12,15.0,1594286,xlsx,-0.019802627296179754,pre_announcement
2024-09-13,15.3,164360,xlsx,0.01980262729617973,pre_announcement
2024-09-16,15.45,924603,xlsx,0.009756174945364656,pre_announcement
2024-09-17,15.3,3420796,xlsx,-0.009756174945364572,pre_announcement
2024-09-18,15.25,12453318,xlsx,-0.003273325344969249,pre_announcement
2024-09-19,15.2,724957,xlsx,-0.003284075201189996,pre_announcement
2024-09-20,15.0,5714108,xlsx,-0.013245226750020567,pre_announcement
2024-09-23,15.0,1872185,xlsx,0.0,pre_announcement
2024-09-24,15.0,1335988,xlsx,0.0,pre_announcement
2024-09-25,15.1,4169087,xlsx,0.006644542718668511,pre_announcement
2024-09-26,15.05,307054,xlsx,-0.003316752625993815,pre_announcement
2024-09-27,15.05,586323,xlsx,0.0,pre_announcement
2024-09-30,15.0,321330,xlsx,-0.003327790092674691,pre_announcement
2024-10-01,15.0,7388849,xlsx,0.0,pre_announcement
2024-10-02,15.0,26384916,xlsx,0.0,pre_announcement
2024-10-03,15.0,2825729,xlsx,0.0,pre_announcement
2024-10-04,15.0,227400,xlsx,0.0,pre_announcement
2024-10-07,14.95,5648101,xlsx,-0.0033389012655147096,pre_announcement
2024-10-08,14.9,423070,xlsx,-0.003350086885281863,pre_announcement
2024-10-09,15.0,10071498,xlsx,0.006688988150796489,pre_announcement
2024-10-11,15.3,14670160,xlsx,0.01980262729617973,pre_announcement
2024-10-14,15.5,432627,xlsx,0.012987195526811112,pre_announcement
2024-10-15,15.35,225094,xlsx,-0.009724549891994744,pre_announcement
2024-10-16,15.55,693392,xlsx,0.012945164592036986,pre_announcement
2024-10-17,15.55,5660713,xlsx,0.0,pre_announcement
2024-10-18,15.85,477157,xlsx,0.019108861698046507,pre_announcement
2024-10-22,15.85,22586848,xlsx,0.0,pre_announcement
2024-10-23,16.15,4846359,xlsx,0.01875054934537581,pre_announcement
2024-10-24,16.15,4563227,xlsx,0.0,pre_announcement
2024-10-25,16.5,4796795,xlsx,0.021440331237869408,pre_announcement
2024-10-28,16.75,3931443,xlsx,0.015037877364540502,pre_announcement
2024-10-29,17.4,12201147,xlsx,0.038071947949407756,pre_announcement
2024-10-30,17.35,8426965,xlsx,-0.0028776998276149467,pre_announcement
2024-10-31,16.75,2409405,xlsx,-0.03519424812179281,pre_announcement
2024-11-04,16.7,5049919,xlsx,-0.0029895388483660483,pre_announcement
2024-11-05,16.45,1548183,xlsx,-0.015083242211328476,pre_announcement
2024-11-06,16.35,868750,xlsx,-0.006097579868118334,pre_announcement
2024-11-07,15.7,10479056,xlsx,-0.04056718498900016,pre_announcement
2024-11-08,15.65,3815794,xlsx,-0.003189795368100038,pre_announcement
2024-11-11,15.4,675806,xlsx,-0.016103407566578735,pre_announcement
2024-11-12,15.3,5287431,xlsx,-0.006514681021193642,pre_announcement
2024-11-13,15.3,2990051,xlsx,0.0,pre_announcement
2024-11-14,15.25,3024539,xlsx,-0.003273325344969249,pre_announcement
2024-11-15,15.15,2598640,xlsx,-0.006578971098042511,pre_announcement
2024-11-18,15.0,2583099,xlsx,-0.009950330853168092,pre_announcement
2024-11-19,14.9,12137113,xlsx,-0.00668898815079654,pre_announcement
2024-11-20,14.8,3811176,xlsx,-0.006734032181344068,pre_announcement
2024-11-21,14.9,8231692,xlsx,0.0067340321813441194,pre_announcement
2024-11-22,14.9,10138942,xlsx,0.0,pre_announcement
2024-11-25,14.85,17257092,xlsx,-0.003361347702704883,pre_announcement
2024-11-26,14.65,11698823,xlsx,-0.013559529785632251,pre_announcement
2024-11-27,14.4,7534371,xlsx,-0.01721212888112141,pre_announcement
2024-11-28,14.4,53244584,xlsx,0.0,pre_announcement
2024-11-29,15.0,6528930,xlsx,0.0408219945202552,pre_announcement
2024-12-02,15.35,13041339,xlsx,0.02306527293099597,pre_announcement
2024-12-03,15.25,7373190,xlsx,-0.006535970979785533,pre_announcement
2024-12-04,15.4,1694548,xlsx,0.009788006366162944,pre_announcement
2024-12-05,15.95,8256143,xlsx,0.03509131981126998,pre_announcement
2024-12-06,16.25,1157422,xlsx,0.01863407954489301,pre_announcement
2024-12-09,16.55,2266689,xlsx,0.018293193047325483,pre_announcement
2024-12-10,17.6,31627712,xlsx,0.06151280022103422,pre_announcement
2024-12-11,17.0,45871016,xlsx,-0.0346855579878901,pre_announcement
2024-12-13,17.0,4286164,xlsx,0.0,pre_announcement
2024-12-16,17.1,1990400,xlsx,0.005865119452398058,pre_announcement
2024-12-17,17.25,1475024,xlsx,0.008733679968754411,pre_announcement
2024-12-18,17.6,13539870,xlsx,0.02008675856673751,pre_announcement
2024-12-19,17.6,17685852,xlsx,0.0,pre_announcement
2024-12-20,17.6,15607992,xlsx,0.0,pre_announcement
2024-12-23,17.5,195150,xlsx,-0.005698021114637779,pre_announcement
2024-12-24,17.2,169895,xlsx,-0.01729149711006111,pre_announcement
2024-12-27,17.1,283968,xlsx,-0.005830920310793099,pre_announcement
2024-12-30,17.15,935122,xlsx,0.0029197101033346246,pre_announcement
2024-12-31,17.05,1243801,xlsx,-0.005847969882422989,pre_announcement
2025-01-02,17.2,1348098,xlsx,0.008759180089881554,pre_announcement
2025-01-03,17.35,322440,xlsx,0.008683122573460857,pre_announcement
2025-01-06,17.6,23339920,xlsx,0.01430639565123793,pre_announcement
2025-01-07,17.7,1284191,xlsx,0.0056657375356773,pre_announcement
2025-01-08,17.8,4750623,xlsx,0.005633817718256064,pre_announcement
2025-01-09,17.95,6415521,xlsx,0.00839165763624838,pre_announcement
2025-01-10,18.1,2510310,xlsx,0.008321823337492278,pre_announcement
2025-01-13,18.2,507431,xlsx,0.0055096558109694795,pre_announcement
2025-01-14,18.1,2528138,xlsx,-0.005509655810969473,pre_announcement
2025-01-15,18.25,8086407,xlsx,0.008253141756720261,pre_announcement
2025-01-16,18.6,8126860,xlsx,0.018996500690655085,pre_announcement
2025-01-17,18.6,3969451,xlsx,0.0,pre_announcement
2025-01-20,18.9,396448,xlsx,0.0160003413464409,pre_announcement
2025-01-21,19.0,12285644,xlsx,0.005277057100843819,pre_announcement
2025-01-22,18.9,1452382,xlsx,-0.005277057100843893,pre_announcement
2025-01-23,18.9,23862672,xlsx,0.0,pre_announcement
2025-01-24,18.9,8417520,xlsx,0.0,pre_announcement
2025-01-27,18.8,1302321,xlsx,-0.005305052229693006,pre_announcement
2025-01-28,18.85,10776427,xlsx,0.0026560440581162104,pre_announcement
2025-01-29,18.3,13437918,xlsx,-0.0296118540466446,pre_announcement
2025-01-30,17.7,9095488,xlsx,-0.033336420267591836,pre_announcement
2025-01-31,17.2,29290436,xlsx,-0.02865525576037606,pre_announcement
2025-02-03,17.6,6685749,xlsx,0.02298951822469878,pre_announcement
2025-02-04,17.85,14123839,xlsx,0.014104606181541945,pre_announcement
2025-02-05,18.45,15719412,xlsx,0.033060862260887995,pre_announcement
2025-02-06,18.15,11395674,xlsx,-0.016393809775676497,pre_announcement
2025-02-07,17.95,9991968,xlsx,-0.011080445776571907,pre_announcement
2025-02-10,17.9,1848787,xlsx,-0.0027894020875786365,pre_announcement
2025-02-11,17.75,9073319,xlsx,-0.008415196925284472,pre_announcement
2025-02-12,17.7,8419916,xlsx,-0.0028208763416413406,pre_announcement
2025-02-13,17.95,10275936,xlsx,0.014025475354504458,pre_announcement
2025-02-14,18.1,26493968,xlsx,0.008321823337492278,pre_announcement
2025-02-17,18.5,9578171,xlsx,0.021858793812499017,pre_announcement
2025-02-18,18.7,3683081,xlsx,0.010752791776261697,pre_announcement
2025-02-19,18.95,5656125,xlsx,0.013280407667894466,pre_announcement
2025-02-20,18.85,1660462,xlsx,-0.005291017634415436,pre_announcement
2025-02-21,18.8,3041430,xlsx,-0.0026560440581162963,pre_announcement
2025-02-24,18.7,1740615,xlsx,-0.005333345975362617,pre_announcement
2025-02-25,18.5,4531588,xlsx,-0.010752791776261737,pre_announcement
2025-02-26,18.15,5424419,xlsx,-0.019100171373419378,pre_announcement
2025-02-27,18.1,1104164,xlsx,-0.0027586224390795284,pre_announcement
2025-02-28,17.95,1735152,xlsx,-0.00832182333749233,pre_announcement
2025-03-03,18.1,1881384,xlsx,0.008321823337492278,pre_announcement
2025-03-04,17.4,2183424,xlsx,-0.03944173205129685,pre_announcement
2025-03-05,17.7,24925444,xlsx,0.017094433359300255,pre_announcement
2025-03-06,17.95,12980947,xlsx,0.014025475354504458,pre_announcement
2025-03-07,18.05,3577123,xlsx,0.005555569844602184,pre_announcement
2025-03-10,18.0,934711,xlsx,-0.0027739268827253194,pre_announcement
2025-03-11,18.0,9536020,xlsx,0.0,pre_announcement
2025-03-12,17.95,11705357,xlsx,-0.0027816429618768026,pre_announcement
2025-03-13,17.85,916146,xlsx,-0.005586606708639712,pre_announcement
2025-03-14,17.75,3770435,xlsx,-0.005617992304223373,pre_announcement
2025-03-17,17.8,2199620,xlsx,0.0028129413766146577,pre_announcement
2025-03-18,17.7,12208714,xlsx,-0.005633817718256131,pre_announcement
2025-03-19,17.6,468686,xlsx,-0.005665737535677196,pre_announcement
2025-03-20,17.55,355719,xlsx,-0.0028449521322313617,pre_announcement
2025-03-21,17.75,3201302,xlsx,0.011331566009550018,pre_announcement
2025-03-24,17.75,1825885,xlsx,0.0,pre_announcement
2025-03-25,17.85,7973309,xlsx,0.005617992304223274,pre_announcement
2025-03-26,17.9,7378227,xlsx,0.0027972046210609975,pre_announcement
2025-03-27,18.0,1445168,xlsx,0.0055710450494554295,pre_announcement
2025-03-28,18.3,9458826,xlsx,0.016529301951210506,pre_announcement
2025-04-01,18.5,13410556,xlsx,0.010869672236903891,pre_announcement
2025-04-02,18.55,3392798,xlsx,0.0026990569691649835,pre_announcement
2025-04-03,18.5,13232122,xlsx,-0.002699056969165058,pre_announcement
2025-04-04,18.65,4802998,xlsx,0.008075414005545331,pre_announcement
2025-04-07,18.1,3830672,xlsx,-0.029934207818044276,pre_announcement
2025-04-08,17.6,5458495,xlsx,-0.028013036227674006,pre_announcement
2025-04-09,17.25,7770020,xlsx,-0.02008675856673746,pre_announcement
2025-04-10,17.55,8715539,xlsx,0.017241806434506173,pre_announcement
2025-04-11,17.65,7209385,xlsx,0.005681833467430864,pre_announcement
2025-04-14,17.7,3468413,xlsx,0.002828856200477623,pre_announcement
2025-04-15,17.5,2814834,xlsx,-0.011363758650315095,pre_announcement
2025-04-16,17.35,4796475,xlsx,-0.008608374536600051,pre_announcement
2025-04-17,17.3,1020451,xlsx,-0.0028860048891349867,pre_announcement
2025-04-22,17.3,14327066,xlsx,0.0,pre_announcement
2025-04-23,17.4,5944903,xlsx,0.005763704716749913,pre_announcement
2025-04-24,17.35,4813301,xlsx,-0.0028776998276149467,pre_announcement
2025-04-25,17.2,346060,xlsx,-0.008683122573460994,pre_announcement
2025-04-28,17.1,522451,xlsx,-0.005830920310793099,pre_announcement
2025-04-29,17.3,1683857,xlsx,0.011628037995118993,pre_announcement
2025-04-30,17.55,4243223,xlsx,0.014347448408141575,pre_announcement
2025-05-02,18.0,988231,xlsx,0.025317807984289786,pre_announcement
2025-05-05,18.25,7979835,xlsx,0.01379332213233577,pre_announcement
2025-05-06,18.35,1672381,xlsx,0.005464494472078745,pre_announcement
2025-05-07,18.3,6342220,xlsx,-0.0027285146532040625,pre_announcement
2025-05-08,18.35,3921478,xlsx,0.0027285146532041358,pre_announcement
2025-05-09,18.5,9924466,xlsx,0.008141157583699866,pre_announcement
2025-05-12,18.6,12678241,xlsx,0.005390848634876593,pre_announcement
2025-05-13,19.05,25392126,xlsx,0.023905520853554386,pre_announcement
2025-05-14,19.45,4260959,xlsx,0.02077996849174522,pre_announcement
2025-05-15,19.9,23840846,xlsx,0.02287266166599131,pre_announcement
2025-05-16,19.95,5738589,xlsx,0.002509411605425707,pre_announcement
2025-05-19,19.95,4440161,xlsx,0.0,pre_announcement
2025-05-20,19.7,11936300,xlsx,-0.012610507591929696,pre_announcement
2025-05-21,19.85,1476212,xlsx,0.007585371389256784,pre_announcement
2025-05-22,19.85,1405934,xlsx,0.0,pre_announcement
2025-05-23,19.9,1495531,xlsx,0.002515724597247149,pre_announcement
2025-05-26,19.85,10621971,xlsx,-0.002515724597247136,pre_announcement
2025-05-27,20.0,3520775,xlsx,0.007528266420791588,pre_announcement
2025-05-28,20.6,7639847,xlsx,0.02955880224154443,pre_announcement
2025-05-29,20.65,7750991,xlsx,0.0024242436115062545,pre_announcement
2025-05-30,20.6,3029091,xlsx,-0.00242424361150628,pre_announcement
2025-06-03,20.45,5561733,xlsx,-0.0073081933067247525,pre_announcement
2025-06-04,20.85,2467053,xlsx,0.01937106575599979,pre_announcement
2025-06-05,21.05,1125996,xlsx,0.00954661188357991,pre_announcement
2025-06-09,21.3,21889582,xlsx,0.011806512586989044,pre_announcement
2025-06-10,22.6,13320248,xlsx,0.05924283356286076,pre_announcement
2025-06-11,23.85,21208462,xlsx,0.05383431105610995,pre_announcement
2025-06-12,24.9,42323408,xlsx,0.04308358613631148,pre_announcement
2025-06-13,24.65,23011902,xlsx,-0.010090902981962831,pre_announcement
2025-06-16,23.55,16672611,xlsx,-0.04565108002627221,pre_announcement
2025-06-17,23.0,11673431,xlsx,-0.02363160453327706,pre_announcement
2025-06-18,23.5,2365400,xlsx,0.021506205220963682,pre_announcement
2025-06-19,23.7,9586859,xlsx,0.008474626990972236,pre_announcement
2025-06-20,23.95,324187,xlsx,0.010493275715838723,pre_announcement
2025-06-23,23.9,263873,xlsx,-0.002089864919459242,pre_announcement
2025-06-24,24.05,5610888,xlsx,0.006256537614305358,pre_announcement
2025-06-25,24.15,2160379,xlsx,0.004149383546811397,pre_announcement
2025-06-26,24.55,11270106,xlsx,0.016427474141947996,pre_announcement
2025-06-27,24.95,2428933,xlsx,0.016161967956998122,pre_announcement
2025-06-30,25.0,2479631,xlsx,0.0020020026706731903,pre_announcement
2025-07-01,26.0,5055612,xlsx,0.03922071315328133,pre_announcement
2025-07-02,26.45,13248390,xlsx,0.017159620282826284,pre_announcement
2025-07-03,26.75,16569936,xlsx,0.011278315037707274,pre_announcement
2025-07-04,26.95,1701567,xlsx,0.007448824012990475,pre_announcement
2025-07-07,27.2,1151798,xlsx,0.009233675946945524,pre_announcement
2025-07-08,27.2,12592055,xlsx,0.0,pre_announcement
2025-07-09,26.85,4921267,xlsx,-0.012951152347077893,pre_announcement
2025-07-10,26.55,8809093,xlsx,-0.011236073266925842,pre_announcement
2025-07-11,26.0,4327073,xlsx,-0.02093320966646579,pre_announcement
2025-07-14,25.7,6360069,xlsx,-0.011605546120308003,pre_announcement
2025-07-15,25.6,8419641,xlsx,-0.0038986404156571976,pre_announcement
2025-07-16,25.85,979310,xlsx,0.009718249468921346,pre_announcement
2025-07-17,26.1,818989,xlsx,0.009624713374209693,pre_announcement
2025-07-18,26.25,460400,xlsx,0.0057306747089850745,pre_announcement
2025-07-21,26.45,1020185,xlsx,0.007590169266675653,pre_announcement
2025-07-22,27.0,16612367,xlsx,0.020580707700020663,pre_announcement
2025-07-23,27.2,14302688,xlsx,0.00738010729762246,pre_announcement
2025-07-24,26.9,695759,xlsx,-0.011090686694158284,pre_announcement
2025-07-25,26.9,2564133,xlsx,0.0,pre_announcement
2025-07-28,27.15,7444197,xlsx,0.009250759772150997,pre_announcement
2025-07-29,27.85,25077622,xlsx,0.025455919993348737,pre_announcement
2025-07-30,27.4,8515513,xlsx,-0.016289952979268572,pre_announcement
2025-07-31,26.3,6088082,xlsx,-0.040974074210305564,pre_announcement
2025-08-01,26.0,8284137,xlsx,-0.011472401162236807,pre_announcement
2025-08-04,25.75,6632265,xlsx,-0.009661910911736859,pre_announcement
2025-08-05,25.85,607304,xlsx,0.0038759738446929397,pre_announcement
2025-08-06,26.0,6665216,xlsx,0.0057859370670439265,pre_announcement
2025-08-07,26.4,6651123,xlsx,0.01526747213078838,pre_announcement
2025-08-08,26.25,1246372,xlsx,-0.005698021114637667,pre_announcement
2025-08-11,26.4,589698,xlsx,0.005698021114637575,pre_announcement
2025-08-12,26.3,2237335,xlsx,-0.003795070968551498,pre_announcement
2025-08-13,26.35,4330815,xlsx,0.0018993358036525374,pre_announcement
2025-08-14,26.5,2076940,xlsx,0.005676458004805122,pre_announcement
2025-08-15,26.9,8595318,xlsx,0.014981553615616894,pre_announcement
2025-08-18,27.0,7709823,xlsx,0.0037105793965357746,pre_announcement
2025-08-19,26.8,766709,xlsx,-0.00743497848751809,pre_announcement
2025-08-20,27.25,3199492,xlsx,0.01665163359244216,pre_announcement
2025-08-21,27.9,3784773,xlsx,0.02357316771806681,pre_announcement
2025-08-22,28.25,9545368,xlsx,0.012466768765130067,pre_announcement
2025-08-25,28.1,5321247,xlsx,-0.005323881252749855,pre_announcement
2025-08-26,28.5,9970129,xlsx,0.014134510934904716,pre_announcement
2025-08-27,28.45,2624144,xlsx,-0.00175592670226492,pre_announcement
2025-08-28,28.55,3008405,xlsx,0.0035087755296792705,pre_announcement
2025-08-29,28.6,28019298,xlsx,0.0017497817237877723,pre_announcement
2025-09-01,28.8,5742617,xlsx,0.006968669316093215,pre_announcement
2025-09-02,29.1,23232792,xlsx,0.010362787035546658,pre_announcement
2025-09-03,29.95,30116892,xlsx,0.028791150384011425,pre_announcement
2025-09-04,30.0,34749408,xlsx,0.0016680571006970134,pre_announcement
2025-09-05,29.95,12119800,xlsx,-0.0016680571006970587,pre_announcement
2025-09-08,29.25,1738713,xlsx,-0.023649750883592873,pre_announcement
2025-09-09,29.1,5330549,xlsx,-0.005141399500418652,pre_announcement
2025-09-10,29.15,16781232,xlsx,0.0017167386190545491,pre_announcement
2025-09-11,29.2,5702145,xlsx,0.001713796477734598,pre_announcement
2025-09-12,29.45,614059,xlsx,0.008525200823359627,pre_announcement
2025-09-15,29.4,1363058,xlsx,-0.0016992357529598016,pre_announcement
